{
  "experiment_name": "symbolic_inverse_phase2_least_squares",
  "optimizer": "symbolic_least_squares",
  "total_run_time_seconds": 355.88607605500147,
  "rows": [
    {
      "experiment_index": 0,
      "C_true": 10.0,
      "optimizer": "symbolic_least_squares",
      "run_time_seconds": 3.390933327998937,
      "best_start_index": 2,
      "nfev_best": 11,
      "success": true,
      "symbolic_loss_at_recovered_x": 23.42864661167366,
      "exact_loss_at_recovered_x": 170.58121531890106,
      "exact_loss_at_true_x": 7.241233230831627,
      "Vp_true": 1332.0414118977117,
      "Vs_true": 101.3839025457343,
      "sigma_true": 0.2931607850770407,
      "Vp_obs": 1335.1314325092733,
      "Vs_obs": 101.41501369831181,
      "sigma_obs": 0.2967450263485323,
      "Vp_hat_symbolic": 1329.3619793176006,
      "Vs_hat_symbolic": 119.07420711830166,
      "sigma_hat_symbolic": 0.2967450263485225,
      "Vp_hat_exact": 1462.6489535464373,
      "Vs_hat_exact": 73.55426483098552,
      "sigma_hat_exact": 0.28393556184762003,
      "phi_percent_true": 41.0,
      "phi_percent_hat": 41.838772483998625,
      "C_percent_true": 10.0,
      "C_percent_hat": 2.2629571153113694e-15,
      "S_b_percent_true": 90.0,
      "S_b_percent_hat": 95.49205053698486,
      "sigma_b_inv_true": 0.5,
      "sigma_b_inv_hat": 0.5638050110666737,
      "xi_true": 2.7,
      "xi_hat": 2.8559570772444745,
      "phi_percent_error_percentage_points": 0.8387724839986248,
      "phi_percent_abs_error_percentage_points": 0.8387724839986248,
      "C_percent_error_percentage_points": -9.999999999999998,
      "C_percent_abs_error_percentage_points": 9.999999999999998,
      "S_b_percent_error_percentage_points": 5.492050536984863,
      "S_b_percent_abs_error_percentage_points": 5.492050536984863,
      "sigma_b_inv_error_relative_percent": 12.761002213334738,
      "sigma_b_inv_abs_error_relative_percent": 12.761002213334738,
      "xi_error_relative_percent": 5.776188046091639,
      "xi_abs_error_relative_percent": 5.776188046091639
    },
    {
      "experiment_index": 1,
      "C_true": 20.0,
      "optimizer": "symbolic_least_squares",
      "run_time_seconds": 25.400802865002333,
      "best_start_index": 2,
      "nfev_best": 59,
      "success": true,
      "symbolic_loss_at_recovered_x": 1.7023353393597063e-08,
      "exact_loss_at_recovered_x": 147.627321634755,
      "exact_loss_at_true_x": 8.793601699780483,
      "Vp_true": 1156.5405464105863,
      "Vs_true": 95.6093871411939,
      "sigma_true": 0.31364668435163595,
      "Vp_obs": 1148.7836795398252,
      "Vs_obs": 95.82950427289062,
      "sigma_obs": 0.31445208870395586,
      "Vp_hat_symbolic": 1148.7836795414214,
      "Vs_hat_symbolic": 95.82950426695344,
      "sigma_hat_symbolic": 0.31445208869457214,
      "Vp_hat_exact": 1230.623367361198,
      "Vs_hat_exact": 79.0766127226354,
      "sigma_hat_exact": 0.2724437731961257,
      "phi_percent_true": 41.0,
      "phi_percent_hat": 42.8995335227896,
      "C_percent_true": 20.0,
      "C_percent_hat": 8.779928413001837,
      "S_b_percent_true": 90.0,
      "S_b_percent_hat": 82.40157654435743,
      "sigma_b_inv_true": 0.5,
      "sigma_b_inv_hat": 0.49032331670525964,
      "xi_true": 2.7,
      "xi_hat": 2.6395388483869406,
      "phi_percent_error_percentage_points": 1.8995335227896035,
      "phi_percent_abs_error_percentage_points": 1.8995335227896035,
      "C_percent_error_percentage_points": -11.220071586998163,
      "C_percent_abs_error_percentage_points": 11.220071586998163,
      "S_b_percent_error_percentage_points": -7.598423455642575,
      "S_b_percent_abs_error_percentage_points": 7.598423455642575,
      "sigma_b_inv_error_relative_percent": -1.9353366589480725,
      "sigma_b_inv_abs_error_relative_percent": 1.9353366589480725,
      "xi_error_relative_percent": -2.2393019115947976,
      "xi_abs_error_relative_percent": 2.2393019115947976
    },
    {
      "experiment_index": 2,
      "C_true": 30.0,
      "optimizer": "symbolic_least_squares",
      "run_time_seconds": 18.519503428000462,
      "best_start_index": 4,
      "nfev_best": 54,
      "success": true,
      "symbolic_loss_at_recovered_x": 5.042316786330048e-09,
      "exact_loss_at_recovered_x": 82.17234022063934,
      "exact_loss_at_true_x": 7.570205179970362,
      "Vp_true": 1004.729927807081,
      "Vs_true": 90.67544056827474,
      "sigma_true": 0.33482438743281717,
      "Vp_obs": 997.4720261403007,
      "Vs_obs": 90.89107308933183,
      "sigma_obs": 0.3349327978301229,
      "Vp_hat_symbolic": 997.472026139198,
      "Vs_hat_symbolic": 90.89107309325912,
      "sigma_hat_symbolic": 0.3349327978301367,
      "Vp_hat_exact": 1008.4288470317564,
      "Vs_hat_exact": 54.6864754095024,
      "sigma_hat_exact": 0.29977971168411155,
      "phi_percent_true": 41.0,
      "phi_percent_hat": 43.14482380823936,
      "C_percent_true": 30.0,
      "C_percent_hat": 20.51999788730468,
      "S_b_percent_true": 90.0,
      "S_b_percent_hat": 84.92642436294375,
      "sigma_b_inv_true": 0.5,
      "sigma_b_inv_hat": 0.5171428598121255,
      "xi_true": 2.7,
      "xi_hat": 2.804932264982221,
      "phi_percent_error_percentage_points": 2.1448238082393587,
      "phi_percent_abs_error_percentage_points": 2.1448238082393587,
      "C_percent_error_percentage_points": -9.48000211269532,
      "C_percent_abs_error_percentage_points": 9.48000211269532,
      "S_b_percent_error_percentage_points": -5.073575637056251,
      "S_b_percent_abs_error_percentage_points": 5.073575637056251,
      "sigma_b_inv_error_relative_percent": 3.4285719624250977,
      "sigma_b_inv_abs_error_relative_percent": 3.4285719624250977,
      "xi_error_relative_percent": 3.8863801845266983,
      "xi_abs_error_relative_percent": 3.8863801845266983
    },
    {
      "experiment_index": 3,
      "C_true": 40.0,
      "optimizer": "symbolic_least_squares",
      "run_time_seconds": 64.172990725001,
      "best_start_index": 3,
      "nfev_best": 58,
      "success": true,
      "symbolic_loss_at_recovered_x": 3.957909555651895e-09,
      "exact_loss_at_recovered_x": 55.17631871013445,
      "exact_loss_at_true_x": 26.685136711125928,
      "Vp_true": 873.2864232855345,
      "Vs_true": 86.24393132561008,
      "sigma_true": 0.3566938943205844,
      "Vp_obs": 890.1125973178569,
      "Vs_obs": 86.969483061019,
      "sigma_obs": 0.3454400384897037,
      "Vp_hat_symbolic": 890.1125973171527,
      "Vs_hat_symbolic": 86.96948306361047,
      "sigma_hat_symbolic": 0.3454400384889134,
      "Vp_hat_exact": 861.5551791849308,
      "Vs_hat_exact": 70.85718911758754,
      "sigma_hat_exact": 0.33334172524681727,
      "phi_percent_true": 41.0,
      "phi_percent_hat": 43.37120038168138,
      "C_percent_true": 40.0,
      "C_percent_hat": 29.179733364491717,
      "S_b_percent_true": 90.0,
      "S_b_percent_hat": 94.45392697223566,
      "sigma_b_inv_true": 0.5,
      "sigma_b_inv_hat": 0.6101193207934679,
      "xi_true": 2.7,
      "xi_hat": 2.5716463483288563,
      "phi_percent_error_percentage_points": 2.3712003816813834,
      "phi_percent_abs_error_percentage_points": 2.3712003816813834,
      "C_percent_error_percentage_points": -10.820266635508283,
      "C_percent_abs_error_percentage_points": 10.820266635508283,
      "S_b_percent_error_percentage_points": 4.453926972235664,
      "S_b_percent_abs_error_percentage_points": 4.453926972235664,
      "sigma_b_inv_error_relative_percent": 22.023864158693574,
      "sigma_b_inv_abs_error_relative_percent": 22.023864158693574,
      "xi_error_relative_percent": -4.7538389507831065,
      "xi_abs_error_relative_percent": 4.7538389507831065
    },
    {
      "experiment_index": 4,
      "C_true": 50.0,
      "optimizer": "symbolic_least_squares",
      "run_time_seconds": 20.348148209999636,
      "best_start_index": 4,
      "nfev_best": 86,
      "success": true,
      "symbolic_loss_at_recovered_x": 3.398715975322375e-09,