{
    "experiment_name": "giulio_part1_clay_sweep",
    "optimizer": "pso_giulio",
    "n_experiments": 10,
    "total_run_time_seconds": 47.61505056400074,
    "rows": [
        {
            "experiment_index": 0,
            "C_true": 10.0,
            "optimizer": "pso_giulio",
            "run_time_seconds": 6.435390077000193,
            "loss_at_true_x": 7.241233230831627,
            "loss_at_recovered_x": 4.113562823704342e-10,
            "Vp_true": 1332.0414118977117,
            "Vs_true": 101.3839025457343,
            "sigma_true": 0.2931607850770407,
            "Vp_obs": 1335.1314325092733,
            "Vs_obs": 101.41501369831181,
            "sigma_obs": 0.2967450263485323,
            "Vp_hat": 1335.1314325093113,
            "Vs_hat": 101.41501369827544,
            "sigma_hat": 0.29674502634882904,
            "Vp_residual": 3.7971403799019754e-11,
            "Vs_residual": -3.636557721620193e-11,
            "sigma_residual": 2.9676261448230434e-13,
            "phi_percent_true": 41.0,
            "phi_percent_hat": 40.97725694738485,
            "C_percent_true": 10.0,
            "C_percent_hat": 9.878873832348496,
            "S_b_percent_true": 90.0,
            "S_b_percent_hat": 90.55345168483278,
            "sigma_b_inv_true": 0.5,
            "sigma_b_inv_hat": 0.49881509924893386,
            "xi_true": 2.7,
            "xi_hat": 2.702832613066934,
            "phi_percent_error_percentage_points": -0.022743052615147974,
            "phi_percent_abs_error_percentage_points": 0.022743052615147974,
            "C_percent_error_percentage_points": -0.12112616765150364,
            "C_percent_abs_error_percentage_points": 0.12112616765150364,
            "S_b_percent_error_percentage_points": 0.5534516848327797,
            "S_b_percent_abs_error_percentage_points": 0.5534516848327797,
            "sigma_b_inv_error_relative_percent": -0.2369801502132285,
            "sigma_b_inv_abs_error_relative_percent": 0.2369801502132285,
            "xi_error_relative_percent": 0.10491159507162337,
            "xi_abs_error_relative_percent": 0.10491159507162337
        },
        {
            "experiment_index": 1,
            "C_true": 20.0,
            "optimizer": "pso_giulio",
            "run_time_seconds": 5.79663499399976,
            "loss_at_true_x": 8.793601699780483,
            "loss_at_recovered_x": 5.271090230962727e-10,
            "Vp_true": 1156.5405464105863,
            "Vs_true": 95.6093871411939,
            "sigma_true": 0.31364668435163595,
            "Vp_obs": 1148.7836795398252,
            "Vs_obs": 95.82950427289062,
            "sigma_obs": 0.31445208870395586,
            "Vp_hat": 1148.7836795401,
            "Vs_hat": 95.82950427296223,
            "sigma_hat": 0.31445208870377706,
            "Vp_residual": 2.7466739993542433e-10,
            "Vs_residual": 7.16084969099029e-11,
            "sigma_residual": -1.7880141811588146e-13,
            "phi_percent_true": 41.0,
            "phi_percent_hat": 40.97624765732152,
            "C_percent_true": 20.0,
            "C_percent_hat": 20.558148629002027,
            "S_b_percent_true": 90.0,
            "S_b_percent_hat": 90.28001366032638,
            "sigma_b_inv_true": 0.5,
            "sigma_b_inv_hat": 0.5031567634851066,
            "xi_true": 2.7,
            "xi_hat": 2.698940403709067,
            "phi_percent_error_percentage_points": -0.02375234267847759,
            "phi_percent_abs_error_percentage_points": 0.02375234267847759,
            "C_percent_error_percentage_points": 0.5581486290020266,
            "C_percent_abs_error_percentage_points": 0.5581486290020266,
            "S_b_percent_error_percentage_points": 0.2800136603263752,
            "S_b_percent_abs_error_percentage_points": 0.2800136603263752,
            "sigma_b_inv_error_relative_percent": 0.6313526970213257,
            "sigma_b_inv_abs_error_relative_percent": 0.6313526970213257,
            "xi_error_relative_percent": -0.03924430707160066,
            "xi_abs_error_relative_percent": 0.03924430707160066
        },
        {
            "experiment_index": 2,
            "C_true": 30.0,
            "optimizer": "pso_giulio",
            "run_time_seconds": 6.874191437999798,
            "loss_at_true_x": 7.570205179970362,
            "loss_at_recovered_x": 5.126388202825183e-10,
            "Vp_true": 1004.729927807081,
            "Vs_true": 90.67544056827474,
            "sigma_true": 0.33482438743281717,
            "Vp_obs": 997.4720261403007,
            "Vs_obs": 90.89107308933183,
            "sigma_obs": 0.3349327978301229,
            "Vp_hat": 997.4720261404717,
            "Vs_hat": 90.89107308932084,
            "sigma_hat": 0.334932797829752,
            "Vp_residual": 1.709850039333105e-10,
            "Vs_residual": -1.0984990694851149e-11,
            "sigma_residual": -3.709255125272648e-13,
            "phi_percent_true": 41.0,
            "phi_percent_hat": 39.24894885322937,
            "C_percent_true": 30.0,
            "C_percent_hat": 38.69566127411688,
            "S_b_percent_true": 90.0,
            "S_b_percent_hat": 90.07391718180581,
            "sigma_b_inv_true": 0.5,
            "sigma_b_inv_hat": 0.49274929183706806,
            "xi_true": 2.7,
            "xi_hat": 2.899949520344005,
            "phi_percent_error_percentage_points": -1.751051146770628,
            "phi_percent_abs_error_percentage_points": 1.751051146770628,
            "C_percent_error_percentage_points": 8.69566127411688,
            "C_percent_abs_error_percentage_points": 8.69566127411688,
            "S_b_percent_error_percentage_points": 0.07391718180581108,
            "S_b_percent_abs_error_percentage_points": 0.07391718180581108,
            "sigma_b_inv_error_relative_percent": -1.450141632586388,
            "sigma_b_inv_abs_error_relative_percent": 1.450141632586388,
            "xi_error_relative_percent": 7.4055377905187,
            "xi_abs_error_relative_percent": 7.4055377905187
        },
        {
            "experiment_index": 3,
            "C_true": 40.0,
            "optimizer": "pso_giulio",
            "run_time_seconds": 5.588143199999649,
            "loss_at_true_x": 26.685136711125928,
            "loss_at_recovered_x": 8.019096497946521e-10,
            "Vp_true": 873.2864232855345,
            "Vs_true": 86.24393132561008,
            "sigma_true": 0.3566938943205844,
            "Vp_obs": 890.1125973178569,
            "Vs_obs": 86.969483061019,
            "sigma_obs": 0.3454400384897037,
            "Vp_hat": 890.1125973172356,
            "Vs_hat": 86.96948306090674,
            "sigma_hat": 0.3454400384896222,
            "Vp_residual": -6.212985681486316e-10,
            "Vs_residual": -1.1226575225009583e-10,
            "sigma_residual": -8.154588115871775e-14,
            "phi_percent_true": 41.0,
            "phi_percent_hat": 41.08529726929017,
            "C_percent_true": 40.0,
            "C_percent_hat": 38.16792997075608,
            "S_b_percent_true": 90.0,
            "S_b_percent_hat": 90.76231612144952,
            "sigma_b_inv_true": 0.5,
            "sigma_b_inv_hat": 0.5224821056735212,
            "xi_true": 2.7,
            "xi_hat": 2.6888879037958895,
            "phi_percent_error_percentage_points": 0.085297269290173,
            "phi_percent_abs_error_percentage_points": 0.085297269290173,
            "C_percent_error_percentage_points": -1.8320700292439227,
            "C_percent_abs_error_percentage_points": 1.8320700292439227,
            "S_b_percent_error_percentage_points": 0.7623161214495155,
            "S_b_percent_abs_error_percentage_points": 0.7623161214495155,
            "sigma_b_inv_error_relative_percent": 4.4964211347042315,
            "sigma_b_inv_abs_error_relative_percent": 4.4964211347042315,
            "xi_error_relative_percent": -0.4115591186707662,
            "xi_abs_error_relative_percent": 0.4115591186707662
        },
        {
            "experiment_index": 4,