{
    "experiment_name": "giulio_part1_clay_sweep",
    "optimizer": "simulated_annealing_giulio",
    "n_experiments": 10,
    "total_run_time_seconds": 141.88326763999976,
    "rows": [
        {
            "experiment_index": 0,
            "C_true": 10.0,
            "optimizer": "simulated_annealing_giulio",
            "run_time_seconds": 11.282612713000162,
            "loss_at_true_x": 7.241233230831627,
            "loss_at_recovered_x": 7.173781568781123e-10,
            "Vp_true": 1332.0414118977117,
            "Vs_true": 101.3839025457343,
            "sigma_true": 0.2931607850770407,
            "Vp_obs": 1335.1314325092733,
            "Vs_obs": 101.41501369831181,
            "sigma_obs": 0.2967450263485323,
            "Vp_hat": 1335.131432509312,
            "Vs_hat": 101.41501369867932,
            "sigma_hat": 0.2967450263482582,
            "Vp_residual": 3.865352482534945e-11,
            "Vs_residual": 3.67506913789839e-10,
            "sigma_residual": -2.740585536287199e-13,
            "phi_percent_true": 41.0,
            "phi_percent_hat": 42.154200688797324,
            "C_percent_true": 10.0,
            "C_percent_hat": 5.150371390329136,
            "S_b_percent_true": 90.0,
            "S_b_percent_hat": 96.34116754815375,
            "sigma_b_inv_true": 0.5,
            "sigma_b_inv_hat": 0.5770546224296567,
            "xi_true": 2.7,
            "xi_hat": 2.571438901353892,
            "phi_percent_error_percentage_points": 1.1542006887973244,
            "phi_percent_abs_error_percentage_points": 1.1542006887973244,
            "C_percent_error_percentage_points": -4.849628609670864,
            "C_percent_abs_error_percentage_points": 4.849628609670864,
            "S_b_percent_error_percentage_points": 6.341167548153749,
            "S_b_percent_abs_error_percentage_points": 6.341167548153749,
            "sigma_b_inv_error_relative_percent": 15.410924485931332,
            "sigma_b_inv_abs_error_relative_percent": 15.410924485931332,
            "xi_error_relative_percent": -4.761522172078077,
            "xi_abs_error_relative_percent": 4.761522172078077
        },
        {
            "experiment_index": 1,
            "C_true": 20.0,
            "optimizer": "simulated_annealing_giulio",
            "run_time_seconds": 11.84744664200025,
            "loss_at_true_x": 8.793601699780483,
            "loss_at_recovered_x": 5.817160086962758e-10,
            "Vp_true": 1156.5405464105863,
            "Vs_true": 95.6093871411939,
            "sigma_true": 0.31364668435163595,
            "Vp_obs": 1148.7836795398252,
            "Vs_obs": 95.82950427289062,
            "sigma_obs": 0.31445208870395586,
            "Vp_hat": 1148.7836795403548,
            "Vs_hat": 95.82950427293297,
            "sigma_hat": 0.31445208870394614,
            "Vp_residual": 5.295532901072875e-10,
            "Vs_residual": 4.234834705130197e-11,
            "sigma_residual": -9.71445146547012e-15,
            "phi_percent_true": 41.0,
            "phi_percent_hat": 42.3367606548085,
            "C_percent_true": 20.0,
            "C_percent_hat": 15.217726770042882,
            "S_b_percent_true": 90.0,
            "S_b_percent_hat": 87.71513010548328,
            "sigma_b_inv_true": 0.5,
            "sigma_b_inv_hat": 0.487256251309688,
            "xi_true": 2.7,
            "xi_hat": 2.5515502889474835,
            "phi_percent_error_percentage_points": 1.3367606548085007,
            "phi_percent_abs_error_percentage_points": 1.3367606548085007,
            "C_percent_error_percentage_points": -4.782273229957118,
            "C_percent_abs_error_percentage_points": 4.782273229957118,
            "S_b_percent_error_percentage_points": -2.284869894516717,
            "S_b_percent_abs_error_percentage_points": 2.284869894516717,
            "sigma_b_inv_error_relative_percent": -2.5487497380623947,
            "sigma_b_inv_abs_error_relative_percent": 2.5487497380623947,
            "xi_error_relative_percent": -5.4981374463895065,
            "xi_abs_error_relative_percent": 5.4981374463895065
        },
        {
            "experiment_index": 2,
            "C_true": 30.0,
            "optimizer": "simulated_annealing_giulio",
            "run_time_seconds": 11.39424781299931,
            "loss_at_true_x": 7.570205179970362,
            "loss_at_recovered_x": 7.083666986318349e-10,
            "Vp_true": 1004.729927807081,
            "Vs_true": 90.67544056827474,
            "sigma_true": 0.33482438743281717,
            "Vp_obs": 997.4720261403007,
            "Vs_obs": 90.89107308933183,
            "sigma_obs": 0.3349327978301229,
            "Vp_hat": 997.4720261406588,
            "Vs_hat": 90.891073089637,
            "sigma_hat": 0.33493279783007235,
            "Vp_residual": 3.581135388230905e-10,
            "Vs_residual": 3.0517810500896303e-10,
            "sigma_residual": -5.057065877167588e-14,
            "phi_percent_true": 41.0,
            "phi_percent_hat": 40.189548586160655,
            "C_percent_true": 30.0,
            "C_percent_hat": 33.87652139679284,
            "S_b_percent_true": 90.0,
            "S_b_percent_hat": 95.30282677174125,
            "sigma_b_inv_true": 0.5,
            "sigma_b_inv_hat": 0.5551143897902243,
            "xi_true": 2.7,
            "xi_hat": 2.7858481998897977,
            "phi_percent_error_percentage_points": -0.8104514138393455,
            "phi_percent_abs_error_percentage_points": 0.8104514138393455,
            "C_percent_error_percentage_points": 3.876521396792839,
            "C_percent_abs_error_percentage_points": 3.876521396792839,
            "S_b_percent_error_percentage_points": 5.302826771741252,
            "S_b_percent_abs_error_percentage_points": 5.302826771741252,
            "sigma_b_inv_error_relative_percent": 11.022877958044862,
            "sigma_b_inv_abs_error_relative_percent": 11.022877958044862,
            "xi_error_relative_percent": 3.1795629588813896,
            "xi_abs_error_relative_percent": 3.1795629588813896
        },
        {
            "experiment_index": 3,
            "C_true": 40.0,
            "optimizer": "simulated_annealing_giulio",
            "run_time_seconds": 11.49669516600079,
            "loss_at_true_x": 26.685136711125928,
            "loss_at_recovered_x": 5.97196958551649e-10,
            "Vp_true": 873.2864232855345,
            "Vs_true": 86.24393132561008,
            "sigma_true": 0.3566938943205844,
            "Vp_obs": 890.1125973178569,
            "Vs_obs": 86.969483061019,
            "sigma_obs": 0.3454400384897037,
            "Vp_hat": 890.1125973179957,
            "Vs_hat": 86.96948306067964,
            "sigma_hat": 0.3454400384895617,
            "Vp_residual": 1.3881162885809317e-10,
            "Vs_residual": -3.3936942145373905e-10,
            "sigma_residual": -1.4205303600078878e-13,
            "phi_percent_true": 41.0,
            "phi_percent_hat": 40.53750759436608,
            "C_percent_true": 40.0,
            "C_percent_hat": 40.79239009212,
            "S_b_percent_true": 90.0,
            "S_b_percent_hat": 91.55499825971057,
            "sigma_b_inv_true": 0.5,
            "sigma_b_inv_hat": 0.528877434035442,
            "xi_true": 2.7,
            "xi_hat": 2.7499167621036427,
            "phi_percent_error_percentage_points": -0.4624924056339168,
            "phi_percent_abs_error_percentage_points": 0.4624924056339168,
            "C_percent_error_percentage_points": 0.7923900921200016,
            "C_percent_abs_error_percentage_points": 0.7923900921200016,
            "S_b_percent_error_percentage_points": 1.5549982597105725,
            "S_b_percent_abs_error_percentage_points": 1.5549982597105725,
            "sigma_b_inv_error_relative_percent": 5.7754868070883925,
            "sigma_b_inv_abs_error_relative_percent": 5.7754868070883925,
            "xi_error_relative_percent": 1.8487689668015734,