{
  "Vp": {
    "mae": 39.16430002361216,
    "rmse": 48.866457872159444,
    "r2": 0.9987515603386948
  },
  "Vs": {
    "mae": 35.86888850866687,
    "rmse": 47.70564630491473,
    "r2": 0.996431654842236
  },
  "sigma": {
    "mae": 0.0038753581236166436,
    "rmse": 0.009110628060256119,
    "r2": 0.9903512020349523
  }
}