{
  "target": "Vp",
  "source_column": "Vp",
  "transform": "identity",
  "train": {
    "mae": 27.900552618814586,
    "rmse": 41.78460638891952,
    "r2": 0.9991342167874326
  },
  "test": {
    "mae": 26.532382680943286,
    "rmse": 33.32875948148878,
    "r2": 0.9994192567967228
  }
}