{
    "experiment_name": "giulio_part1_clay_sweep",
    "optimizer": "cmaes_giulio",
    "n_experiments": 10,
    "total_run_time_seconds": 39.160227645000305,
    "rows": [
        {
            "experiment_index": 0,
            "C_true": 10.0,
            "optimizer": "cmaes_giulio",
            "run_time_seconds": 4.208153012999901,
            "loss_at_true_x": 7.241233230831627,
            "loss_at_recovered_x": 1.262989712813578e-12,
            "Vp_true": 1332.0414118977117,
            "Vs_true": 101.3839025457343,
            "sigma_true": 0.2931607850770407,
            "Vp_obs": 1335.1314325092733,
            "Vs_obs": 101.41501369831181,
            "sigma_obs": 0.2967450263485323,
            "Vp_hat": 1335.1314325092735,
            "Vs_hat": 101.41501369831109,
            "sigma_hat": 0.29674502634853256,
            "Vp_residual": 2.2737367544323206e-13,
            "Vs_residual": -7.247535904753022e-13,
            "sigma_residual": 2.7755575615628914e-16,
            "phi_percent_true": 41.0,
            "phi_percent_hat": 39.61548815811618,
            "C_percent_true": 10.0,
            "C_percent_hat": 15.461452790369318,
            "S_b_percent_true": 90.0,
            "S_b_percent_hat": 85.38863996510824,
            "sigma_b_inv_true": 0.5,
            "sigma_b_inv_hat": 0.43289722060565095,
            "xi_true": 2.7,
            "xi_hat": 2.863791589859195,
            "phi_percent_error_percentage_points": -1.3845118418838211,
            "phi_percent_abs_error_percentage_points": 1.3845118418838211,
            "C_percent_error_percentage_points": 5.461452790369318,
            "C_percent_abs_error_percentage_points": 5.461452790369318,
            "S_b_percent_error_percentage_points": -4.61136003489176,
            "S_b_percent_abs_error_percentage_points": 4.61136003489176,
            "sigma_b_inv_error_relative_percent": -13.420555878869811,
            "sigma_b_inv_abs_error_relative_percent": 13.420555878869811,
            "xi_error_relative_percent": 6.06635517997017,
            "xi_abs_error_relative_percent": 6.06635517997017
        },
        {
            "experiment_index": 1,
            "C_true": 20.0,
            "optimizer": "cmaes_giulio",
            "run_time_seconds": 3.665184658000726,
            "loss_at_true_x": 8.793601699780483,
            "loss_at_recovered_x": 1.6484591469634324e-12,
            "Vp_true": 1156.5405464105863,
            "Vs_true": 95.6093871411939,
            "sigma_true": 0.31364668435163595,
            "Vp_obs": 1148.7836795398252,
            "Vs_obs": 95.82950427289062,
            "sigma_obs": 0.31445208870395586,
            "Vp_hat": 1148.7836795398239,
            "Vs_hat": 95.82950427289033,
            "sigma_hat": 0.31445208870395586,
            "Vp_residual": -1.3642420526593924e-12,
            "Vs_residual": -2.8421709430404007e-13,
            "sigma_residual": 0.0,
            "phi_percent_true": 41.0,
            "phi_percent_hat": 41.54245504092851,
            "C_percent_true": 20.0,
            "C_percent_hat": 18.64692820081265,
            "S_b_percent_true": 90.0,
            "S_b_percent_hat": 84.77260947931929,
            "sigma_b_inv_true": 0.5,
            "sigma_b_inv_hat": 0.44965188125959965,
            "xi_true": 2.7,
            "xi_hat": 2.6386774066291427,
            "phi_percent_error_percentage_points": 0.5424550409285089,
            "phi_percent_abs_error_percentage_points": 0.5424550409285089,
            "C_percent_error_percentage_points": -1.3530717991873509,
            "C_percent_abs_error_percentage_points": 1.3530717991873509,
            "S_b_percent_error_percentage_points": -5.227390520680714,
            "S_b_percent_abs_error_percentage_points": 5.227390520680714,
            "sigma_b_inv_error_relative_percent": -10.069623748080069,
            "sigma_b_inv_abs_error_relative_percent": 10.069623748080069,
            "xi_error_relative_percent": -2.2712071618836087,
            "xi_abs_error_relative_percent": 2.2712071618836087
        },
        {
            "experiment_index": 2,
            "C_true": 30.0,
            "optimizer": "cmaes_giulio",
            "run_time_seconds": 3.7140143999995416,
            "loss_at_true_x": 7.570205179970362,
            "loss_at_recovered_x": 4.105160655853979e-12,
            "Vp_true": 1004.729927807081,
            "Vs_true": 90.67544056827474,
            "sigma_true": 0.33482438743281717,
            "Vp_obs": 997.4720261403007,
            "Vs_obs": 90.89107308933183,
            "sigma_obs": 0.3349327978301229,
            "Vp_hat": 997.4720261403036,
            "Vs_hat": 90.89107308933242,
            "sigma_hat": 0.3349327978301222,
            "Vp_residual": 2.8421709430404007e-12,
            "Vs_residual": 5.968558980384842e-13,
            "sigma_residual": -7.216449660063518e-16,
            "phi_percent_true": 41.0,
            "phi_percent_hat": 40.063080467442745,
            "C_percent_true": 30.0,
            "C_percent_hat": 34.51648966483024,
            "S_b_percent_true": 90.0,
            "S_b_percent_hat": 94.54261564623708,
            "sigma_b_inv_true": 0.5,
            "sigma_b_inv_hat": 0.5457772674683832,
            "xi_true": 2.7,
            "xi_hat": 2.800976959656361,
            "phi_percent_error_percentage_points": -0.9369195325572548,
            "phi_percent_abs_error_percentage_points": 0.9369195325572548,
            "C_percent_error_percentage_points": 4.516489664830239,
            "C_percent_abs_error_percentage_points": 4.516489664830239,
            "S_b_percent_error_percentage_points": 4.542615646237081,
            "S_b_percent_abs_error_percentage_points": 4.542615646237081,
            "sigma_b_inv_error_relative_percent": 9.155453493676635,
            "sigma_b_inv_abs_error_relative_percent": 9.155453493676635,
            "xi_error_relative_percent": 3.7398873946800286,
            "xi_abs_error_relative_percent": 3.7398873946800286
        },
        {
            "experiment_index": 3,
            "C_true": 40.0,
            "optimizer": "cmaes_giulio",
            "run_time_seconds": 3.5246354649998466,
            "loss_at_true_x": 26.685136711125928,
            "loss_at_recovered_x": 6.094680315982259e-12,
            "Vp_true": 873.2864232855345,
            "Vs_true": 86.24393132561008,
            "sigma_true": 0.3566938943205844,
            "Vp_obs": 890.1125973178569,
            "Vs_obs": 86.969483061019,
            "sigma_obs": 0.3454400384897037,
            "Vp_hat": 890.1125973178556,
            "Vs_hat": 86.96948306101696,
            "sigma_hat": 0.3454400384897004,
            "Vp_residual": -1.2505552149377763e-12,
            "Vs_residual": -2.0463630789890885e-12,
            "sigma_residual": -3.3306690738754696e-15,
            "phi_percent_true": 41.0,
            "phi_percent_hat": 41.481085195532344,
            "C_percent_true": 40.0,
            "C_percent_hat": 36.632221125147446,
            "S_b_percent_true": 90.0,
            "S_b_percent_hat": 85.75718338451932,
            "sigma_b_inv_true": 0.5,
            "sigma_b_inv_hat": 0.46980963584769225,
            "xi_true": 2.7,
            "xi_hat": 2.648002242459183,
            "phi_percent_error_percentage_points": 0.4810851955323443,
            "phi_percent_abs_error_percentage_points": 0.4810851955323443,
            "C_percent_error_percentage_points": -3.3677788748525543,
            "C_percent_abs_error_percentage_points": 3.3677788748525543,
            "S_b_percent_error_percentage_points": -4.2428166154806775,
            "S_b_percent_abs_error_percentage_points": 4.2428166154806775,
            "sigma_b_inv_error_relative_percent": -6.03807283046155,
            "sigma_b_inv_abs_error_relative_percent": 6.03807283046155,
            "xi_error_relative_percent": -1.9258428718821206,
            "xi_abs_error_relative_percent": 1.9258428718821206
        },
        {
            "experiment_index": 4,