{
    "experiment_name": "giulio_part1_clay_sweep",
    "optimizer": "cmaes_giulio",
    "n_experiments": 10,
    "total_run_time_seconds": 39.555857079000816,
    "rows": [
        {
            "experiment_index": 0,
            "C_true": 10.0,
            "optimizer": "cmaes_giulio",
            "run_time_seconds": 3.6795283239998753,
            "loss_at_true_x": 11.217734136924273,
            "loss_at_recovered_x": 1.6981971384666394e-12,
            "Vp_true": 1332.0414118977117,
            "Vs_true": 101.3839025457343,
            "sigma_true": 0.2931607850770407,
            "Vp_obs": 1322.3240836582702,
            "Vs_obs": 100.03890008438157,
            "sigma_obs": 0.2932944047089921,
            "Vp_hat": 1322.3240836582702,
            "Vs_hat": 100.03890008438309,
            "sigma_hat": 0.29329440470899226,
            "Vp_residual": 0.0,
            "Vs_residual": 1.5205614545266144e-12,
            "sigma_residual": 1.6653345369377348e-16,
            "phi_percent_true": 41.0,
            "phi_percent_hat": 40.15653828572402,
            "C_percent_true": 10.0,
            "C_percent_hat": 14.450440055861852,
            "S_b_percent_true": 90.0,
            "S_b_percent_hat": 80.57407920321762,
            "sigma_b_inv_true": 0.5,
            "sigma_b_inv_hat": 0.397914582555736,
            "xi_true": 2.7,
            "xi_hat": 2.808910284233535,
            "phi_percent_error_percentage_points": -0.8434617142759819,
            "phi_percent_abs_error_percentage_points": 0.8434617142759819,
            "C_percent_error_percentage_points": 4.450440055861852,
            "C_percent_abs_error_percentage_points": 4.450440055861852,
            "S_b_percent_error_percentage_points": -9.425920796782378,
            "S_b_percent_abs_error_percentage_points": 9.425920796782378,
            "sigma_b_inv_error_relative_percent": -20.417083488852803,
            "sigma_b_inv_abs_error_relative_percent": 20.417083488852803,
            "xi_error_relative_percent": 4.033714230871658,
            "xi_abs_error_relative_percent": 4.033714230871658
        },
        {
            "experiment_index": 1,
            "C_true": 20.0,
            "optimizer": "cmaes_giulio",
            "run_time_seconds": 4.2809996360001605,
            "loss_at_true_x": 7.3408016192217875,
            "loss_at_recovered_x": 6.661338147750939e-13,
            "Vp_true": 1156.5405464105863,
            "Vs_true": 95.6093871411939,
            "sigma_true": 0.31364668435163595,
            "Vp_obs": 1160.9730980506888,
            "Vs_obs": 97.36107872089498,
            "sigma_obs": 0.312513041084894,
            "Vp_hat": 1160.973098050689,
            "Vs_hat": 97.36107872089511,
            "sigma_hat": 0.3125130410848937,
            "Vp_residual": 2.2737367544323206e-13,
            "Vs_residual": 1.2789769243681803e-13,
            "sigma_residual": -3.3306690738754696e-16,
            "phi_percent_true": 41.0,
            "phi_percent_hat": 39.371618316576324,
            "C_percent_true": 20.0,
            "C_percent_hat": 27.20375249394955,
            "S_b_percent_true": 90.0,
            "S_b_percent_hat": 82.43924637744404,
            "sigma_b_inv_true": 0.5,
            "sigma_b_inv_hat": 0.4118890137816382,
            "xi_true": 2.7,
            "xi_hat": 2.881190454045262,
            "phi_percent_error_percentage_points": -1.628381683423676,
            "phi_percent_abs_error_percentage_points": 1.628381683423676,
            "C_percent_error_percentage_points": 7.203752493949551,
            "C_percent_abs_error_percentage_points": 7.203752493949551,
            "S_b_percent_error_percentage_points": -7.560753622555964,
            "S_b_percent_abs_error_percentage_points": 7.560753622555964,
            "sigma_b_inv_error_relative_percent": -17.622197243672353,
            "sigma_b_inv_abs_error_relative_percent": 17.622197243672353,
            "xi_error_relative_percent": 6.710757557231918,
            "xi_abs_error_relative_percent": 6.710757557231918
        },
        {
            "experiment_index": 2,
            "C_true": 30.0,
            "optimizer": "cmaes_giulio",
            "run_time_seconds": 4.035617299000478,
            "loss_at_true_x": 5.445206241042483,
            "loss_at_recovered_x": 4.192202140984591e-13,
            "Vp_true": 1004.729927807081,
            "Vs_true": 90.67544056827474,
            "sigma_true": 0.33482438743281717,
            "Vp_obs": 1007.4552825185121,
            "Vs_obs": 90.74939475992429,
            "sigma_obs": 0.3378171465432404,
            "Vp_hat": 1007.4552825185123,
            "Vs_hat": 90.74939475992441,
            "sigma_hat": 0.3378171465432406,
            "Vp_residual": 1.1368683772161603e-13,
            "Vs_residual": 1.2789769243681803e-13,
            "sigma_residual": 1.6653345369377348e-16,
            "phi_percent_true": 41.0,
            "phi_percent_hat": 39.27218635502464,
            "C_percent_true": 30.0,
            "C_percent_hat": 37.36898099102671,
            "S_b_percent_true": 90.0,
            "S_b_percent_hat": 96.7515700882633,
            "sigma_b_inv_true": 0.5,
            "sigma_b_inv_hat": 0.5573607519007814,
            "xi_true": 2.7,
            "xi_hat": 2.8977874967806296,
            "phi_percent_error_percentage_points": -1.7278136449753632,
            "phi_percent_abs_error_percentage_points": 1.7278136449753632,
            "C_percent_error_percentage_points": 7.36898099102671,
            "C_percent_abs_error_percentage_points": 7.36898099102671,
            "S_b_percent_error_percentage_points": 6.751570088263307,
            "S_b_percent_abs_error_percentage_points": 6.751570088263307,
            "sigma_b_inv_error_relative_percent": 11.472150380156275,
            "sigma_b_inv_abs_error_relative_percent": 11.472150380156275,
            "xi_error_relative_percent": 7.325462843727016,
            "xi_abs_error_relative_percent": 7.325462843727016
        },
        {
            "experiment_index": 3,
            "C_true": 40.0,
            "optimizer": "cmaes_giulio",
            "run_time_seconds": 3.9932640569995783,
            "loss_at_true_x": 3.394711912263057,
            "loss_at_recovered_x": 3.5136338283336954e-12,
            "Vp_true": 873.2864232855345,
            "Vs_true": 86.24393132561008,
            "sigma_true": 0.3566938943205844,
            "Vp_obs": 873.0696728121563,
            "Vs_obs": 85.40352465709549,
            "sigma_obs": 0.35374440350211656,
            "Vp_hat": 873.0696728121574,
            "Vs_hat": 85.40352465709682,
            "sigma_hat": 0.353744403502118,
            "Vp_residual": 1.0231815394945443e-12,
            "Vs_residual": 1.3358203432289883e-12,
            "sigma_residual": 1.4432899320127035e-15,
            "phi_percent_true": 41.0,
            "phi_percent_hat": 41.56303386884785,
            "C_percent_true": 40.0,
            "C_percent_hat": 37.97087426894549,
            "S_b_percent_true": 90.0,
            "S_b_percent_hat": 80.67207691954464,
            "sigma_b_inv_true": 0.5,
            "sigma_b_inv_hat": 0.41033912627526736,
            "xi_true": 2.7,
            "xi_hat": 2.65010489171677,
            "phi_percent_error_percentage_points": 0.5630338688478531,
            "phi_percent_abs_error_percentage_points": 0.5630338688478531,
            "C_percent_error_percentage_points": -2.0291257310545134,
            "C_percent_abs_error_percentage_points": 2.0291257310545134,
            "S_b_percent_error_percentage_points": -9.327923080455363,
            "S_b_percent_abs_error_percentage_points": 9.327923080455363,
            "sigma_b_inv_error_relative_percent": -17.93217474494653,
            "sigma_b_inv_abs_error_relative_percent": 17.93217474494653,
            "xi_error_relative_percent": -1.8479669734529696,
            "xi_abs_error_relative_percent": 1.8479669734529696
        },
        {
            "experiment_index": 4,