{
    "experiment_name": "giulio_part1_clay_sweep",
    "optimizer": "pso_giulio",
    "n_experiments": 10,
    "total_run_time_seconds": 51.617585986998165,
    "rows": [
        {
            "experiment_index": 0,
            "C_true": 10.0,
            "optimizer": "pso_giulio",
            "run_time_seconds": 6.601071577999392,
            "loss_at_true_x": 7.241233230831627,
            "loss_at_recovered_x": 5.681553005842943e-10,
            "Vp_true": 1332.0414118977117,
            "Vs_true": 101.3839025457343,
            "sigma_true": 0.2931607850770407,
            "Vp_obs": 1335.1314325092733,
            "Vs_obs": 101.41501369831181,
            "sigma_obs": 0.2967450263485323,
            "Vp_hat": 1335.1314325091394,
            "Vs_hat": 101.41501369850504,
            "sigma_hat": 0.29674502634832006,
            "Vp_residual": -1.3392309483606368e-10,
            "Vs_residual": 1.9322499156260164e-10,
            "sigma_residual": -2.1221913115709867e-13,
            "phi_percent_true": 41.0,
            "phi_percent_hat": 40.15202204606004,
            "C_percent_true": 10.0,
            "C_percent_hat": 12.991952038740367,
            "S_b_percent_true": 90.0,
            "S_b_percent_hat": 90.59472320833413,
            "sigma_b_inv_true": 0.5,
            "sigma_b_inv_hat": 0.4907456590523673,
            "xi_true": 2.7,
            "xi_hat": 2.7976455838510264,
            "phi_percent_error_percentage_points": -0.8479779539399601,
            "phi_percent_abs_error_percentage_points": 0.8479779539399601,
            "C_percent_error_percentage_points": 2.991952038740367,
            "C_percent_abs_error_percentage_points": 2.991952038740367,
            "S_b_percent_error_percentage_points": 0.5947232083341305,
            "S_b_percent_abs_error_percentage_points": 0.5947232083341305,
            "sigma_b_inv_error_relative_percent": -1.8508681895265444,
            "sigma_b_inv_abs_error_relative_percent": 1.8508681895265444,
            "xi_error_relative_percent": 3.6165031055935617,
            "xi_abs_error_relative_percent": 3.6165031055935617
        },
        {
            "experiment_index": 1,
            "C_true": 20.0,
            "optimizer": "pso_giulio",
            "run_time_seconds": 5.876852006000263,
            "loss_at_true_x": 8.793601699780483,
            "loss_at_recovered_x": 7.955041070317748e-10,
            "Vp_true": 1156.5405464105863,
            "Vs_true": 95.6093871411939,
            "sigma_true": 0.31364668435163595,
            "Vp_obs": 1148.7836795398252,
            "Vs_obs": 95.82950427289062,
            "sigma_obs": 0.31445208870395586,
            "Vp_hat": 1148.7836795395544,
            "Vs_hat": 95.82950427257255,
            "sigma_hat": 0.3144520887037515,
            "Vp_residual": -2.708020474528894e-10,
            "Vs_residual": -3.1806735023565125e-10,
            "sigma_residual": -2.0433654768226006e-13,
            "phi_percent_true": 41.0,
            "phi_percent_hat": 40.979247062544125,
            "C_percent_true": 20.0,
            "C_percent_hat": 20.556123808964642,
            "S_b_percent_true": 90.0,
            "S_b_percent_hat": 90.14120381607682,
            "sigma_b_inv_true": 0.5,
            "sigma_b_inv_hat": 0.5016840897320977,
            "xi_true": 2.7,
            "xi_hat": 2.698671531834863,
            "phi_percent_error_percentage_points": -0.020752937455874587,
            "phi_percent_abs_error_percentage_points": 0.020752937455874587,
            "C_percent_error_percentage_points": 0.5561238089646423,
            "C_percent_abs_error_percentage_points": 0.5561238089646423,
            "S_b_percent_error_percentage_points": 0.14120381607682475,
            "S_b_percent_abs_error_percentage_points": 0.14120381607682475,
            "sigma_b_inv_error_relative_percent": 0.336817946419532,
            "sigma_b_inv_abs_error_relative_percent": 0.336817946419532,
            "xi_error_relative_percent": -0.04920252463471554,
            "xi_abs_error_relative_percent": 0.04920252463471554
        },
        {
            "experiment_index": 2,
            "C_true": 30.0,
            "optimizer": "pso_giulio",
            "run_time_seconds": 8.326781249001215,
            "loss_at_true_x": 7.570205179970362,
            "loss_at_recovered_x": 9.959375546486626e-10,
            "Vp_true": 1004.729927807081,
            "Vs_true": 90.67544056827474,
            "sigma_true": 0.33482438743281717,
            "Vp_obs": 997.4720261403007,
            "Vs_obs": 90.89107308933183,
            "sigma_obs": 0.3349327978301229,
            "Vp_hat": 997.4720261394302,
            "Vs_hat": 90.89107308938306,
            "sigma_hat": 0.3349327978300397,
            "Vp_residual": -8.705001164344139e-10,
            "Vs_residual": 5.1230131248303223e-11,
            "sigma_residual": -8.321121569565548e-14,
            "phi_percent_true": 41.0,
            "phi_percent_hat": 39.251481536483006,
            "C_percent_true": 30.0,
            "C_percent_hat": 38.687447581669645,
            "S_b_percent_true": 90.0,
            "S_b_percent_hat": 90.02122892252909,
            "sigma_b_inv_true": 0.5,
            "sigma_b_inv_hat": 0.49220377786594166,
            "xi_true": 2.7,
            "xi_hat": 2.899671892596533,
            "phi_percent_error_percentage_points": -1.7485184635169944,
            "phi_percent_abs_error_percentage_points": 1.7485184635169944,
            "C_percent_error_percentage_points": 8.687447581669645,
            "C_percent_abs_error_percentage_points": 8.687447581669645,
            "S_b_percent_error_percentage_points": 0.021228922529090255,
            "S_b_percent_abs_error_percentage_points": 0.021228922529090255,
            "sigma_b_inv_error_relative_percent": -1.5592444268116679,
            "sigma_b_inv_abs_error_relative_percent": 1.5592444268116679,
            "xi_error_relative_percent": 7.395255281353059,
            "xi_abs_error_relative_percent": 7.395255281353059
        },
        {
            "experiment_index": 3,
            "C_true": 40.0,
            "optimizer": "pso_giulio",
            "run_time_seconds": 4.97160975800216,
            "loss_at_true_x": 26.685136711125928,
            "loss_at_recovered_x": 7.37916394655258e-10,
            "Vp_true": 873.2864232855345,
            "Vs_true": 86.24393132561008,
            "sigma_true": 0.3566938943205844,
            "Vp_obs": 890.1125973178569,
            "Vs_obs": 86.969483061019,
            "sigma_obs": 0.3454400384897037,
            "Vp_hat": 890.1125973182776,
            "Vs_hat": 86.96948306078862,
            "sigma_hat": 0.34544003848980726,
            "Vp_residual": 4.2075498640770093e-10,
            "Vs_residual": -2.3038637664285488e-10,
            "sigma_residual": 1.0352829704629585e-13,
            "phi_percent_true": 41.0,
            "phi_percent_hat": 40.56490414454394,
            "C_percent_true": 40.0,
            "C_percent_hat": 40.68937464534884,
            "S_b_percent_true": 90.0,
            "S_b_percent_hat": 91.10908200558583,
            "sigma_b_inv_true": 0.5,
            "sigma_b_inv_hat": 0.5240146414386299,
            "xi_true": 2.7,
            "xi_hat": 2.7470539372637797,
            "phi_percent_error_percentage_points": -0.435095855456062,
            "phi_percent_abs_error_percentage_points": 0.435095855456062,
            "C_percent_error_percentage_points": 0.6893746453488419,
            "C_percent_abs_error_percentage_points": 0.6893746453488419,
            "S_b_percent_error_percentage_points": 1.109082005585833,
            "S_b_percent_abs_error_percentage_points": 1.109082005585833,
            "sigma_b_inv_error_relative_percent": 4.802928287725972,
            "sigma_b_inv_abs_error_relative_percent": 4.802928287725972,
            "xi_error_relative_percent": 1.742738417177018,