{
    "experiment_name": "giulio_part1_clay_sweep",
    "optimizer": "pso",
    "n_experiments": 10,
    "total_run_time_seconds": 38.32567180699971,
    "rows": [
        {
            "experiment_index": 0,
            "C_true": 10.0,
            "optimizer": "pso",
            "run_time_seconds": 3.5848027780002667,
            "loss_at_true_x": 7.241233230831627,
            "loss_at_recovered_x": 9.94736737425228e-10,
            "Vp_true": 1332.0414118977117,
            "Vs_true": 101.3839025457343,
            "sigma_true": 0.2931607850770407,
            "Vp_obs": 1335.1314325092733,
            "Vs_obs": 101.41501369831181,
            "sigma_obs": 0.2967450263485323,
            "Vp_hat": 1335.1314325092928,
            "Vs_hat": 101.41501369856921,
            "sigma_hat": 0.29674502634790023,
            "Vp_residual": 1.9554136088117957e-11,
            "Vs_residual": 2.574012114564539e-10,
            "sigma_residual": -6.320499679191016e-13,
            "phi_percent_true": 41.0,
            "phi_percent_hat": 40.83338639068474,
            "C_percent_true": 10.0,
            "C_percent_hat": 10.121399818013659,
            "S_b_percent_true": 90.0,
            "S_b_percent_hat": 94.54355265440195,
            "sigma_b_inv_true": 0.5,
            "sigma_b_inv_hat": 0.5406189590254875,
            "xi_true": 2.7,
            "xi_hat": 2.7172844286216944,
            "phi_percent_error_percentage_points": -0.16661360931526303,
            "phi_percent_abs_error_percentage_points": 0.16661360931526303,
            "C_percent_error_percentage_points": 0.12139981801365884,
            "C_percent_abs_error_percentage_points": 0.12139981801365884,
            "S_b_percent_error_percentage_points": 4.5435526544019496,
            "S_b_percent_abs_error_percentage_points": 4.5435526544019496,
            "sigma_b_inv_error_relative_percent": 8.123791805097502,
            "sigma_b_inv_abs_error_relative_percent": 8.123791805097502,
            "xi_error_relative_percent": 0.6401640230257116,
            "xi_abs_error_relative_percent": 0.6401640230257116
        },
        {
            "experiment_index": 1,
            "C_true": 20.0,
            "optimizer": "pso",
            "run_time_seconds": 3.855826087999958,
            "loss_at_true_x": 8.793601699780483,
            "loss_at_recovered_x": 8.999201384085609e-10,
            "Vp_true": 1156.5405464105863,
            "Vs_true": 95.6093871411939,
            "sigma_true": 0.31364668435163595,
            "Vp_obs": 1148.7836795398252,
            "Vs_obs": 95.82950427289062,
            "sigma_obs": 0.31445208870395586,
            "Vp_hat": 1148.7836795392568,
            "Vs_hat": 95.82950427321633,
            "sigma_hat": 0.3144520887039616,
            "Vp_residual": -5.684341886080801e-10,
            "Vs_residual": 3.257127900724299e-10,
            "sigma_residual": 5.717648576819556e-15,
            "phi_percent_true": 41.0,
            "phi_percent_hat": 41.29913204857597,
            "C_percent_true": 20.0,
            "C_percent_hat": 19.959303723651526,
            "S_b_percent_true": 90.0,
            "S_b_percent_hat": 80.72273253202381,
            "sigma_b_inv_true": 0.5,
            "sigma_b_inv_hat": 0.4071869149652566,
            "xi_true": 2.7,
            "xi_hat": 2.667574880579971,
            "phi_percent_error_percentage_points": 0.2991320485759701,
            "phi_percent_abs_error_percentage_points": 0.2991320485759701,
            "C_percent_error_percentage_points": -0.040696276348473504,
            "C_percent_abs_error_percentage_points": 0.040696276348473504,
            "S_b_percent_error_percentage_points": -9.277267467976188,
            "S_b_percent_abs_error_percentage_points": 9.277267467976188,
            "sigma_b_inv_error_relative_percent": -18.562617006948678,
            "sigma_b_inv_abs_error_relative_percent": 18.562617006948678,
            "xi_error_relative_percent": -1.2009303488899756,
            "xi_abs_error_relative_percent": 1.2009303488899756
        },
        {
            "experiment_index": 2,
            "C_true": 30.0,
            "optimizer": "pso",
            "run_time_seconds": 3.830124398999942,
            "loss_at_true_x": 7.570205179970362,
            "loss_at_recovered_x": 3.260698377971494e-10,
            "Vp_true": 1004.729927807081,
            "Vs_true": 90.67544056827474,
            "sigma_true": 0.33482438743281717,
            "Vp_obs": 997.4720261403007,
            "Vs_obs": 90.89107308933183,
            "sigma_obs": 0.3349327978301229,
            "Vp_hat": 997.4720261401285,
            "Vs_hat": 90.8910730892871,
            "sigma_hat": 0.3349327978300005,
            "Vp_residual": -1.7223555914824829e-10,
            "Vs_residual": -4.4721559788740706e-11,
            "sigma_residual": -1.224020884649235e-13,
            "phi_percent_true": 41.0,
            "phi_percent_hat": 39.29111683510816,
            "C_percent_true": 30.0,
            "C_percent_hat": 38.02057660988126,
            "S_b_percent_true": 90.0,
            "S_b_percent_hat": 97.31994939536634,
            "sigma_b_inv_true": 0.5,
            "sigma_b_inv_hat": 0.5727446494783226,
            "xi_true": 2.7,
            "xi_hat": 2.890790212061545,
            "phi_percent_error_percentage_points": -1.7088831648918372,
            "phi_percent_abs_error_percentage_points": 1.7088831648918372,
            "C_percent_error_percentage_points": 8.02057660988126,
            "C_percent_abs_error_percentage_points": 8.02057660988126,
            "S_b_percent_error_percentage_points": 7.319949395366336,
            "S_b_percent_abs_error_percentage_points": 7.319949395366336,
            "sigma_b_inv_error_relative_percent": 14.54892989566452,
            "sigma_b_inv_abs_error_relative_percent": 14.54892989566452,
            "xi_error_relative_percent": 7.066304150427593,
            "xi_abs_error_relative_percent": 7.066304150427593
        },
        {
            "experiment_index": 3,
            "C_true": 40.0,
            "optimizer": "pso",
            "run_time_seconds": 3.9173113289998582,
            "loss_at_true_x": 26.685136711125928,
            "loss_at_recovered_x": 5.881091169612773e-10,
            "Vp_true": 873.2864232855345,
            "Vs_true": 86.24393132561008,
            "sigma_true": 0.3566938943205844,
            "Vp_obs": 890.1125973178569,
            "Vs_obs": 86.969483061019,
            "sigma_obs": 0.3454400384897037,
            "Vp_hat": 890.1125973176911,
            "Vs_hat": 86.96948306079685,
            "sigma_hat": 0.3454400384899426,
            "Vp_residual": -1.6575540939811617e-10,
            "Vs_residual": -2.2215829176275292e-10,
            "sigma_residual": 2.3886448374810243e-13,
            "phi_percent_true": 41.0,
            "phi_percent_hat": 42.016474688216555,
            "C_percent_true": 40.0,
            "C_percent_hat": 33.38937007011074,
            "S_b_percent_true": 90.0,
            "S_b_percent_hat": 95.5313514598124,
            "sigma_b_inv_true": 0.5,
            "sigma_b_inv_hat": 0.5824395336296838,
            "xi_true": 2.7,
            "xi_hat": 2.5848233534554566,
            "phi_percent_error_percentage_points": 1.0164746882165545,
            "phi_percent_abs_error_percentage_points": 1.0164746882165545,
            "C_percent_error_percentage_points": -6.610629929889257,
            "C_percent_abs_error_percentage_points": 6.610629929889257,
            "S_b_percent_error_percentage_points": 5.531351459812399,
            "S_b_percent_abs_error_percentage_points": 5.531351459812399,
            "sigma_b_inv_error_relative_percent": 16.487906725936764,
            "sigma_b_inv_abs_error_relative_percent": 16.487906725936764,
            "xi_error_relative_percent": -4.265801723871986,
            "xi_abs_error_relative_percent": 4.265801723871986
        },
        {
            "experiment_index": 4,
            "C_true": 50.0,