{
  "target": "Vs",
  "train": {
    "mae": 36.80160246652293,
    "rmse": 48.99703494475188,
    "r2": 0.9965498449496446
  },
  "test": {
    "mae": 35.86888850866687,
    "rmse": 47.70564630491473,
    "r2": 0.996431654842236
  }
}