{
  "experiment_name": "symbolic_inverse_phase2_10000_parsimony_de_polish_w1_1_w2_300",
  "optimizer": "differential_evolution_polish",
  "total_run_time_seconds": 85.79298267800004,
  "rows": [
    {
      "experiment_index": 0,
      "C_true": 20.0,
      "optimizer": "differential_evolution_polish",
      "run_time_seconds": 21.796615637000286,
      "best_start_index": 1,
      "nfev_best": 76,
      "success": true,
      "symbolic_loss_at_recovered_x": 3.691719236265101e-05,
      "exact_loss_at_recovered_x": 88.56549038435938,
      "exact_loss_at_true_x": 14.265227837873226,
      "Vp_true": 1156.5405464105863,
      "Vs_true": 95.6093871411939,
      "sigma_true": 0.31364668435163595,
      "Vp_obs": 1159.2234465776496,
      "Vs_obs": 95.6387262981656,
      "sigma_obs": 0.31748139024664235,
      "Vp_hat_symbolic": 1159.2234384978922,
      "Vs_hat_symbolic": 95.63875349268392,
      "sigma_hat_symbolic": 0.31748139079863186,
      "Vp_hat_exact": 1224.3474295601336,
      "Vs_hat_exact": 72.19815213875259,
      "sigma_hat_exact": 0.317481703799102,
      "selection_rule": "best_symbolic_loss",
      "best_symbolic_start_index": 1,
      "best_exact_start_index": 1,
      "best_symbolic_loss": 3.691719236265101e-05,
      "exact_loss_of_best_symbolic_candidate": 88.56549038435938,
      "exact_refinement_enabled": false,
      "exact_refinement_success": false,
      "exact_refinement_nfev": 0,
      "symbolic_loss_before_refinement": 3.691719236265101e-05,
      "exact_loss_before_refinement": 88.56549038435938,
      "use_exact_reranking": false,
      "phi_percent_true": 41.0,
      "phi_percent_hat": 41.12896474716176,
      "C_percent_true": 20.0,
      "C_percent_hat": 16.74549758338808,
      "S_b_percent_true": 90.0,
      "S_b_percent_hat": 99.91596857454999,
      "sigma_b_inv_true": 0.5,
      "sigma_b_inv_hat": 0.5971588205581914,
      "xi_true": 2.7,
      "xi_hat": 2.890754112675933,
      "phi_percent_error_percentage_points": 0.12896474716175987,
      "phi_percent_abs_error_percentage_points": 0.12896474716175987,
      "C_percent_error_percentage_points": -3.2545024166119205,
      "C_percent_abs_error_percentage_points": 3.2545024166119205,
      "S_b_percent_error_percentage_points": 9.915968574549993,
      "S_b_percent_abs_error_percentage_points": 9.915968574549993,
      "sigma_b_inv_error_relative_percent": 19.431764111638273,
      "sigma_b_inv_abs_error_relative_percent": 19.431764111638273,
      "xi_error_relative_percent": 7.064967136145654,
      "xi_abs_error_relative_percent": 7.064967136145654
    },
    {
      "experiment_index": 1,
      "C_true": 50.0,
      "optimizer": "differential_evolution_polish",
      "run_time_seconds": 31.502129207000507,
      "best_start_index": 1,
      "nfev_best": 239,
      "success": true,
      "symbolic_loss_at_recovered_x": 0.00028634788871073624,
      "exact_loss_at_recovered_x": 35.86914029937608,
      "exact_loss_at_true_x": 7.308224427738638,
      "Vp_true": 759.3851662771766,
      "Vs_true": 82.10032316402089,
      "sigma_true": 0.3792552050149377,
      "Vp_obs": 754.2920031738818,
      "Vs_obs": 82.28933899381123,
      "sigma_obs": 0.3802290836114561,
      "Vp_hat_symbolic": 754.2920633722875,
      "Vs_hat_symbolic": 82.28913207594246,
      "sigma_hat_symbolic": 0.38022907434347497,
      "Vp_hat_exact": 725.7478011966087,
      "Vs_hat_exact": 74.96474123036904,
      "sigma_hat_exact": 0.3802292477314635,
      "selection_rule": "best_symbolic_loss",
      "best_symbolic_start_index": 1,
      "best_exact_start_index": 1,
      "best_symbolic_loss": 0.00028634788871073624,
      "exact_loss_of_best_symbolic_candidate": 35.86914029937608,
      "exact_refinement_enabled": false,
      "exact_refinement_success": false,
      "exact_refinement_nfev": 0,
      "symbolic_loss_before_refinement": 0.00028634788871073624,
      "exact_loss_before_refinement": 35.86914029937608,
      "use_exact_reranking": false,
      "phi_percent_true": 41.0,
      "phi_percent_hat": 41.89412888644492,
      "C_percent_true": 50.0,
      "C_percent_hat": 48.051319249041676,
      "S_b_percent_true": 90.0,
      "S_b_percent_hat": 94.85441031022454,
      "sigma_b_inv_true": 0.5,
      "sigma_b_inv_hat": 0.566832178720061,
      "xi_true": 2.7,
      "xi_hat": 2.6550554486882008,
      "phi_percent_error_percentage_points": 0.8941288864449177,
      "phi_percent_abs_error_percentage_points": 0.8941288864449177,
      "C_percent_error_percentage_points": -1.9486807509583244,
      "C_percent_abs_error_percentage_points": 1.9486807509583244,
      "S_b_percent_error_percentage_points": 4.854410310224537,
      "S_b_percent_abs_error_percentage_points": 4.854410310224537,
      "sigma_b_inv_error_relative_percent": 13.366435744012195,
      "sigma_b_inv_abs_error_relative_percent": 13.366435744012195,
      "xi_error_relative_percent": -1.6646130115481266,
      "xi_abs_error_relative_percent": 1.6646130115481266
    },
    {
      "experiment_index": 2,
      "C_true": 90.0,
      "optimizer": "differential_evolution_polish",
      "run_time_seconds": 32.46066059700024,
      "best_start_index": 1,
      "nfev_best": 177,
      "success": true,
      "symbolic_loss_at_recovered_x": 0.0006811000606052886,
      "exact_loss_at_recovered_x": 37.35618714337731,
      "exact_loss_at_true_x": 3.5078949471736056,
      "Vp_true": 435.7574251833393,
      "Vs_true": 65.71702482791503,
      "sigma_true": 0.4764184858582104,
      "Vp_obs": 432.6096294871835,
      "Vs_obs": 65.87330449582957,
      "sigma_obs": 0.476572741997471,
      "Vp_hat_symbolic": 432.60977333356243,
      "Vs_hat_symbolic": 65.87280071930854,
      "sigma_hat_symbolic": 0.4765727166528538,
      "Vp_hat_exact": 401.66689236049666,
      "Vs_hat_exact": 72.28559655236482,
      "sigma_hat_exact": 0.47657361865821096,
      "selection_rule": "best_symbolic_loss",
      "best_symbolic_start_index": 1,
      "best_exact_start_index": 1,
      "best_symbolic_loss": 0.0006811000606052886,
      "exact_loss_of_best_symbolic_candidate": 37.35618714337731,
      "exact_refinement_enabled": false,
      "exact_refinement_success": false,
      "exact_refinement_nfev": 0,
      "symbolic_loss_before_refinement": 0.0006811000606052886,
      "exact_loss_before_refinement": 37.35618714337731,
      "use_exact_reranking": false,
      "phi_percent_true": 41.0,
      "phi_percent_hat": 41.205042921832224,
      "C_percent_true": 90.0,
      "C_percent_hat": 94.65792734072306,
      "S_b_percent_true": 90.0,
      "S_b_percent_hat": 95.6907887729435,
      "sigma_b_inv_true": 0.5,
      "sigma_b_inv_hat": 0.588135552497882,
      "xi_true": 2.7,
      "xi_hat": 2.5698432044642887,
      "phi_percent_error_percentage_points": 0.2050429218322236,
      "phi_percent_abs_error_percentage_points": 0.2050429218322236,
      "C_percent_error_percentage_points": 4.657927340723063,
      "C_percent_abs_error_percentage_points": 4.657927340723063,
      "S_b_percent_error_percentage_points": 5.690788772943506,
      "S_b_percent_abs_error_percentage_points": 5.690788772943506,
      "sigma_b_inv_error_relative_percent": 17.627110499576393,
      "sigma_b_inv_abs_error_relative_percent": 17.627110499576393,
      "xi_error_relative_percent": -4.820622056878202,
      "xi_abs_error_relative_percent": 4.820622056878202
    }
  ]
}