{
  "target": "Vs",
  "source_column": "Vs",
  "transform": "identity",
  "train": {
    "mae": 21.466201891327998,
    "rmse": 31.30827748703712,
    "r2": 0.9985913037371887
  },
  "test": {
    "mae": 20.9032551664809,
    "rmse": 30.07433177883783,
    "r2": 0.9985818594960524
  }
}