{
  "sqrt_sigma": {
    "target": "sqrt_sigma",
    "source_column": "sigma",
    "transform": "sqrt",
    "train": {
      "mae": 4.67397547443772e-07,
      "rmse": 5.737850432041079e-07,
      "r2": 0.9999999999759315
    },
    "test": {
      "mae": 4.7636580421612977e-07,
      "rmse": 5.835514373582451e-07,
      "r2": 0.9999999999756211
    }
  }
}