{
  "target": "sqrt_sigma",
  "source_column": "sigma",
  "transform": "sqrt",
  "train": {
    "mae": 0.006841163960413352,
    "rmse": 0.009852561489118417,
    "r2": 0.9929034088707805
  },
  "test": {
    "mae": 0.006904711332225956,
    "rmse": 0.009891989013042867,
    "r2": 0.9929947344913885
  }
}