{
    "experiment_name": "giulio_part1_clay_sweep",
    "optimizer": "simulated_annealing",
    "n_experiments": 10,
    "total_run_time_seconds": 1.1705436180000106,
    "rows": [
        {
            "experiment_index": 0,
            "C_true": 10.0,
            "optimizer": "simulated_annealing",
            "run_time_seconds": 0.11645111100006034,
            "loss_at_true_x": 7.241233230831627,
            "loss_at_recovered_x": 41.20668446857957,
            "Vp_true": 1332.0414118977117,
            "Vs_true": 101.3839025457343,
            "sigma_true": 0.2931607850770407,
            "Vp_obs": 1335.1314325092733,
            "Vs_obs": 101.41501369831181,
            "sigma_obs": 0.2967450263485323,
            "Vp_hat": 1308.2702115042493,
            "Vs_hat": 106.71530512056485,
            "sigma_hat": 0.2889882639885277,
            "Vp_residual": -26.861221005023936,
            "Vs_residual": 5.300291422253039,
            "sigma_residual": -0.007756762360004554,
            "phi_percent_true": 41.0,
            "phi_percent_hat": 39.02783101010482,
            "C_percent_true": 10.0,
            "C_percent_hat": 18.70055842592109,
            "S_b_percent_true": 90.0,
            "S_b_percent_hat": 94.01406631660156,
            "sigma_b_inv_true": 0.5,
            "sigma_b_inv_hat": 0.5368126973030973,
            "xi_true": 2.7,
            "xi_hat": 2.8834991031629658,
            "phi_percent_error_percentage_points": -1.9721689898951809,
            "phi_percent_abs_error_percentage_points": 1.9721689898951809,
            "C_percent_error_percentage_points": 8.700558425921091,
            "C_percent_abs_error_percentage_points": 8.700558425921091,
            "S_b_percent_error_percentage_points": 4.014066316601557,
            "S_b_percent_abs_error_percentage_points": 4.014066316601557,
            "sigma_b_inv_error_relative_percent": 7.362539460619466,
            "sigma_b_inv_abs_error_relative_percent": 7.362539460619466,
            "xi_error_relative_percent": 6.796263080109836,
            "xi_abs_error_relative_percent": 6.796263080109836
        },
        {
            "experiment_index": 1,
            "C_true": 20.0,
            "optimizer": "simulated_annealing",
            "run_time_seconds": 0.11812999399990076,
            "loss_at_true_x": 20.468613731225975,
            "loss_at_recovered_x": 21.25652809974747,
            "Vp_true": 1156.5405464105863,
            "Vs_true": 95.6093871411939,
            "sigma_true": 0.31364668435163595,
            "Vp_obs": 1170.983068073116,
            "Vs_obs": 96.82653026784911,
            "sigma_obs": 0.30898621166968154,
            "Vp_hat": 1152.7370795827442,
            "Vs_hat": 94.56234679229951,
            "sigma_hat": 0.3097004234434139,
            "Vp_residual": -18.24598849037193,
            "Vs_residual": -2.2641834755496006,
            "sigma_residual": 0.0007142117737323761,
            "phi_percent_true": 41.0,
            "phi_percent_hat": 40.643782425667915,
            "C_percent_true": 20.0,
            "C_percent_hat": 21.17996636704948,
            "S_b_percent_true": 90.0,
            "S_b_percent_hat": 98.1519995412771,
            "sigma_b_inv_true": 0.5,
            "sigma_b_inv_hat": 0.5972204898892239,
            "xi_true": 2.7,
            "xi_hat": 2.7433574474306783,
            "phi_percent_error_percentage_points": -0.356217574332085,
            "phi_percent_abs_error_percentage_points": 0.356217574332085,
            "C_percent_error_percentage_points": 1.1799663670494809,
            "C_percent_abs_error_percentage_points": 1.1799663670494809,
            "S_b_percent_error_percentage_points": 8.151999541277107,
            "S_b_percent_abs_error_percentage_points": 8.151999541277107,
            "sigma_b_inv_error_relative_percent": 19.444097977844788,
            "sigma_b_inv_abs_error_relative_percent": 19.444097977844788,
            "xi_error_relative_percent": 1.6058313863214129,
            "xi_abs_error_relative_percent": 1.6058313863214129
        },
        {
            "experiment_index": 2,
            "C_true": 30.0,
            "optimizer": "simulated_annealing",
            "run_time_seconds": 0.11683989199991629,
            "loss_at_true_x": 13.92753500669912,
            "loss_at_recovered_x": 35.265726665507835,
            "Vp_true": 1004.729927807081,
            "Vs_true": 90.67544056827474,
            "sigma_true": 0.33482438743281717,
            "Vp_obs": 1016.0555400075191,
            "Vs_obs": 90.70583277676198,
            "sigma_obs": 0.3319661220836709,
            "Vp_hat": 1020.3878560906612,
            "Vs_hat": 71.83458271405502,
            "sigma_hat": 0.3191852162045398,
            "Vp_residual": 4.332316083142132,
            "Vs_residual": -18.871250062706963,
            "sigma_residual": -0.012780905879131055,
            "phi_percent_true": 41.0,
            "phi_percent_hat": 42.6939497813134,
            "C_percent_true": 30.0,
            "C_percent_hat": 20.970471901079506,
            "S_b_percent_true": 90.0,
            "S_b_percent_hat": 95.61800897740842,
            "sigma_b_inv_true": 0.5,
            "sigma_b_inv_hat": 0.6016002144550465,
            "xi_true": 2.7,
            "xi_hat": 2.6736325206540403,
            "phi_percent_error_percentage_points": 1.6939497813133997,
            "phi_percent_abs_error_percentage_points": 1.6939497813133997,
            "C_percent_error_percentage_points": -9.029528098920494,
            "C_percent_abs_error_percentage_points": 9.029528098920494,
            "S_b_percent_error_percentage_points": 5.618008977408422,
            "S_b_percent_abs_error_percentage_points": 5.618008977408422,
            "sigma_b_inv_error_relative_percent": 20.320042891009304,
            "sigma_b_inv_abs_error_relative_percent": 20.320042891009304,
            "xi_error_relative_percent": -0.9765733091096238,
            "xi_abs_error_relative_percent": 0.9765733091096238
        },
        {
            "experiment_index": 3,
            "C_true": 40.0,
            "optimizer": "simulated_annealing",
            "run_time_seconds": 0.11578718200007643,
            "loss_at_true_x": 4.848337887189304,
            "loss_at_recovered_x": 59.16632580453174,
            "Vp_true": 873.2864232855345,
            "Vs_true": 86.24393132561008,
            "sigma_true": 0.3566938943205844,
            "Vp_obs": 876.7834055870768,
            "Vs_obs": 86.59397397894007,
            "sigma_obs": 0.35797243658363453,
            "Vp_hat": 896.1384279661493,
            "Vs_hat": 75.0560702350604,
            "sigma_hat": 0.3982830538868599,
            "Vp_residual": 19.355022379072466,
            "Vs_residual": -11.537903743879667,
            "sigma_residual": 0.04031061730322538,
            "phi_percent_true": 41.0,
            "phi_percent_hat": 42.40892490213005,
            "C_percent_true": 40.0,
            "C_percent_hat": 32.05964521537619,
            "S_b_percent_true": 90.0,
            "S_b_percent_hat": 80.78548623648794,
            "sigma_b_inv_true": 0.5,
            "sigma_b_inv_hat": 0.35937086329546736,
            "xi_true": 2.7,
            "xi_hat": 2.6541443191399114,
            "phi_percent_error_percentage_points": 1.4089249021300532,
            "phi_percent_abs_error_percentage_points": 1.4089249021300532,
            "C_percent_error_percentage_points": -7.940354784623807,
            "C_percent_abs_error_percentage_points": 7.940354784623807,
            "S_b_percent_error_percentage_points": -9.214513763512059,
            "S_b_percent_abs_error_percentage_points": 9.214513763512059,
            "sigma_b_inv_error_relative_percent": -28.12582734090653,
            "sigma_b_inv_abs_error_relative_percent": 28.12582734090653,
            "xi_error_relative_percent": -1.6983585503736567,
            "xi_abs_error_relative_percent": 1.6983585503736567
        },
        {
            "experiment_index": 4,