{
  "Vp": {
    "mae": 38.89174071506749,
    "rmse": 48.68653929565588,
    "r2": 0.9987607365300305
  },
  "Vs": {
    "mae": 52.2488075906244,
    "rmse": 72.64220571084168,
    "r2": 0.9917261940022822
  },
  "sigma": {
    "mae": 2.2326761662554373e-07,
    "rmse": 3.388608223783659e-07,
    "r2": 0.9999999999866519
  }
}