{
    "experiment_name": "giulio_part1_clay_sweep",
    "optimizer": "pso",
    "n_experiments": 10,
    "total_run_time_seconds": 144.5831833860002,
    "rows": [
        {
            "experiment_index": 0,
            "C_true": 10.0,
            "optimizer": "pso",
            "run_time_seconds": 14.499999450999894,
            "loss_at_true_x": 7.241233230831627,
            "loss_at_recovered_x": 9.599609995802894e-10,
            "Vp_true": 1332.0414118977117,
            "Vs_true": 101.3839025457343,
            "sigma_true": 0.2931607850770407,
            "Vp_obs": 1335.1314325092733,
            "Vs_obs": 101.41501369831181,
            "sigma_obs": 0.2967450263485323,
            "Vp_hat": 1335.1314325095123,
            "Vs_hat": 101.41501369812204,
            "sigma_hat": 0.2967450263490001,
            "Vp_residual": 2.389697328908369e-10,
            "Vs_residual": -1.8977175386680756e-10,
            "sigma_residual": 4.677924714258097e-13,
            "phi_percent_true": 41.0,
            "phi_percent_hat": 40.104637150111756,
            "C_percent_true": 10.0,
            "C_percent_hat": 12.92352395609874,
            "S_b_percent_true": 90.0,
            "S_b_percent_hat": 93.94591245808023,
            "sigma_b_inv_true": 0.5,
            "sigma_b_inv_hat": 0.5259839049569661,
            "xi_true": 2.7,
            "xi_hat": 2.8016580256847083,
            "phi_percent_error_percentage_points": -0.8953628498882438,
            "phi_percent_abs_error_percentage_points": 0.8953628498882438,
            "C_percent_error_percentage_points": 2.923523956098739,
            "C_percent_abs_error_percentage_points": 2.923523956098739,
            "S_b_percent_error_percentage_points": 3.9459124580802296,
            "S_b_percent_abs_error_percentage_points": 3.9459124580802296,
            "sigma_b_inv_error_relative_percent": 5.196780991393224,
            "sigma_b_inv_abs_error_relative_percent": 5.196780991393224,
            "xi_error_relative_percent": 3.7651120623965983,
            "xi_abs_error_relative_percent": 3.7651120623965983
        },
        {
            "experiment_index": 1,
            "C_true": 20.0,
            "optimizer": "pso",
            "run_time_seconds": 13.939453094999408,
            "loss_at_true_x": 8.793601699780483,
            "loss_at_recovered_x": 4.735856151683038e-10,
            "Vp_true": 1156.5405464105863,
            "Vs_true": 95.6093871411939,
            "sigma_true": 0.31364668435163595,
            "Vp_obs": 1148.7836795398252,
            "Vs_obs": 95.82950427289062,
            "sigma_obs": 0.31445208870395586,
            "Vp_hat": 1148.7836795402593,
            "Vs_hat": 95.82950427285486,
            "sigma_hat": 0.31445208870395214,
            "Vp_residual": 4.3405634642113e-10,
            "Vs_residual": -3.575451046344824e-11,
            "sigma_residual": -3.7192471324942744e-15,
            "phi_percent_true": 41.0,
            "phi_percent_hat": 41.87911061907171,
            "C_percent_true": 20.0,
            "C_percent_hat": 17.20981706996033,
            "S_b_percent_true": 90.0,
            "S_b_percent_hat": 85.67638826858335,
            "sigma_b_inv_true": 0.5,
            "sigma_b_inv_hat": 0.46171021552707725,
            "xi_true": 2.7,
            "xi_hat": 2.601533256997855,
            "phi_percent_error_percentage_points": 0.8791106190717102,
            "phi_percent_abs_error_percentage_points": 0.8791106190717102,
            "C_percent_error_percentage_points": -2.79018293003967,
            "C_percent_abs_error_percentage_points": 2.79018293003967,
            "S_b_percent_error_percentage_points": -4.323611731416648,
            "S_b_percent_abs_error_percentage_points": 4.323611731416648,
            "sigma_b_inv_error_relative_percent": -7.65795689458455,
            "sigma_b_inv_abs_error_relative_percent": 7.65795689458455,
            "xi_error_relative_percent": -3.646916407486863,
            "xi_abs_error_relative_percent": 3.646916407486863
        },
        {
            "experiment_index": 2,
            "C_true": 30.0,
            "optimizer": "pso",
            "run_time_seconds": 12.844897288000539,
            "loss_at_true_x": 7.570205179970362,
            "loss_at_recovered_x": 5.513669520951225e-10,
            "Vp_true": 1004.729927807081,
            "Vs_true": 90.67544056827474,
            "sigma_true": 0.33482438743281717,
            "Vp_obs": 997.4720261403007,
            "Vs_obs": 90.89107308933183,
            "sigma_obs": 0.3349327978301229,
            "Vp_hat": 997.472026140619,
            "Vs_hat": 90.89107308931905,
            "sigma_hat": 0.33493279783037005,
            "Vp_residual": 3.183231456205249e-10,
            "Vs_residual": -1.2775558388966601e-11,
            "sigma_residual": 2.4713564528155985e-13,
            "phi_percent_true": 41.0,
            "phi_percent_hat": 40.71394257031115,
            "C_percent_true": 30.0,
            "C_percent_hat": 31.40348744217894,
            "S_b_percent_true": 90.0,
            "S_b_percent_hat": 96.10669737517273,
            "sigma_b_inv_true": 0.5,
            "sigma_b_inv_hat": 0.5677636544560924,
            "xi_true": 2.7,
            "xi_hat": 2.7252545783358277,
            "phi_percent_error_percentage_points": -0.28605742968885295,
            "phi_percent_abs_error_percentage_points": 0.28605742968885295,
            "C_percent_error_percentage_points": 1.403487442178939,
            "C_percent_abs_error_percentage_points": 1.403487442178939,
            "S_b_percent_error_percentage_points": 6.106697375172729,
            "S_b_percent_abs_error_percentage_points": 6.106697375172729,
            "sigma_b_inv_error_relative_percent": 13.55273089121849,
            "sigma_b_inv_abs_error_relative_percent": 13.55273089121849,
            "xi_error_relative_percent": 0.9353547531787985,
            "xi_abs_error_relative_percent": 0.9353547531787985
        },
        {
            "experiment_index": 3,
            "C_true": 40.0,
            "optimizer": "pso",
            "run_time_seconds": 13.632427500000631,
            "loss_at_true_x": 26.685136711125928,
            "loss_at_recovered_x": 6.44325481857777e-10,
            "Vp_true": 873.2864232855345,
            "Vs_true": 86.24393132561008,
            "sigma_true": 0.3566938943205844,
            "Vp_obs": 890.1125973178569,
            "Vs_obs": 86.969483061019,
            "sigma_obs": 0.3454400384897037,
            "Vp_hat": 890.1125973182566,
            "Vs_hat": 86.96948306100973,
            "sigma_hat": 0.3454400384899845,
            "Vp_residual": 3.9972292142920196e-10,
            "Vs_residual": -9.279688129026908e-12,
            "sigma_residual": 2.807754029277021e-13,
            "phi_percent_true": 41.0,
            "phi_percent_hat": 40.71882862068654,
            "C_percent_true": 40.0,
            "C_percent_hat": 40.0181485056835,
            "S_b_percent_true": 90.0,
            "S_b_percent_hat": 89.92924113360243,
            "sigma_b_inv_true": 0.5,
            "sigma_b_inv_hat": 0.5115952098465115,
            "xi_true": 2.7,
            "xi_hat": 2.7303074689101496,
            "phi_percent_error_percentage_points": -0.2811713793134629,
            "phi_percent_abs_error_percentage_points": 0.2811713793134629,
            "C_percent_error_percentage_points": 0.018148505683498684,
            "C_percent_abs_error_percentage_points": 0.018148505683498684,
            "S_b_percent_error_percentage_points": -0.07075886639756845,
            "S_b_percent_abs_error_percentage_points": 0.07075886639756845,
            "sigma_b_inv_error_relative_percent": 2.3190419693023046,
            "sigma_b_inv_abs_error_relative_percent": 2.3190419693023046,
            "xi_error_relative_percent": 1.122498848524054,
            "xi_abs_error_relative_percent": 1.122498848524054
        },
        {
            "experiment_index": 4,
            "C_true": 50.0,