{
    "experiment_name": "giulio_part1_clay_sweep",
    "optimizer": "pso",
    "n_experiments": 10,
    "total_run_time_seconds": 117.07643431300039,
    "rows": [
        {
            "experiment_index": 0,
            "C_true": 10.0,
            "optimizer": "pso",
            "run_time_seconds": 11.344288067999514,
            "loss_at_true_x": 7.241233230831627,
            "loss_at_recovered_x": 1088.5371229626048,
            "Vp_true": 1332.0414118977117,
            "Vs_true": 101.3839025457343,
            "sigma_true": 0.2931607850770407,
            "Vp_obs": 1335.1314325092733,
            "Vs_obs": 101.41501369831181,
            "sigma_obs": 0.2967450263485323,
            "Vp_hat": 1335.131432509273,
            "Vs_hat": 426.32750749879773,
            "sigma_hat": 0.09085835308491505,
            "Vp_residual": -2.2737367544323206e-13,
            "Vs_residual": 324.9124938004859,
            "sigma_residual": -0.20588667326361723,
            "phi_percent_true": 41.0,
            "phi_percent_hat": 24.44742405903083,
            "C_percent_true": 10.0,
            "C_percent_hat": 99.99999999997165,
            "S_b_percent_true": 90.0,
            "S_b_percent_hat": 89.94971430145686,
            "sigma_b_inv_true": 0.5,
            "sigma_b_inv_hat": 12.473891970150156,
            "xi_true": 2.7,
            "xi_hat": 2.690474409594574,
            "phi_percent_error_percentage_points": -16.55257594096917,
            "phi_percent_abs_error_percentage_points": 16.55257594096917,
            "C_percent_error_percentage_points": 89.99999999997165,
            "C_percent_abs_error_percentage_points": 89.99999999997165,
            "S_b_percent_error_percentage_points": -0.05028569854313503,
            "S_b_percent_abs_error_percentage_points": 0.05028569854313503,
            "sigma_b_inv_error_relative_percent": 2394.778394030031,
            "sigma_b_inv_abs_error_relative_percent": 2394.778394030031,
            "xi_error_relative_percent": -0.3527996446454197,
            "xi_abs_error_relative_percent": 0.3527996446454197
        },
        {
            "experiment_index": 1,
            "C_true": 20.0,
            "optimizer": "pso",
            "run_time_seconds": 11.513998376000018,
            "loss_at_true_x": 8.793601699780483,
            "loss_at_recovered_x": 1038.8679710952242,
            "Vp_true": 1156.5405464105863,
            "Vs_true": 95.6093871411939,
            "sigma_true": 0.31364668435163595,
            "Vp_obs": 1148.7836795398252,
            "Vs_obs": 95.82950427289062,
            "sigma_obs": 0.31445208870395586,
            "Vp_hat": 1148.7836795398246,
            "Vs_hat": 340.46521285585095,
            "sigma_hat": 0.0899081893882386,
            "Vp_residual": -6.821210263296962e-13,
            "Vs_residual": 244.63570858296032,
            "sigma_residual": -0.22454389931571728,
            "phi_percent_true": 41.0,
            "phi_percent_hat": 27.06022067747754,
            "C_percent_true": 20.0,
            "C_percent_hat": 99.9999999999947,
            "S_b_percent_true": 90.0,
            "S_b_percent_hat": 89.94999347929719,
            "sigma_b_inv_true": 0.5,
            "sigma_b_inv_hat": 12.473406476459159,
            "xi_true": 2.7,
            "xi_hat": 2.6904351243747247,
            "phi_percent_error_percentage_points": -13.939779322522462,
            "phi_percent_abs_error_percentage_points": 13.939779322522462,
            "C_percent_error_percentage_points": 79.9999999999947,
            "C_percent_abs_error_percentage_points": 79.9999999999947,
            "S_b_percent_error_percentage_points": -0.05000652070280864,
            "S_b_percent_abs_error_percentage_points": 0.05000652070280864,
            "sigma_b_inv_error_relative_percent": 2394.6812952918317,
            "sigma_b_inv_abs_error_relative_percent": 2394.6812952918317,
            "xi_error_relative_percent": -0.3542546527879824,
            "xi_abs_error_relative_percent": 0.3542546527879824
        },
        {
            "experiment_index": 2,
            "C_true": 30.0,
            "optimizer": "pso",
            "run_time_seconds": 11.668041789999734,
            "loss_at_true_x": 7.570205179970362,
            "loss_at_recovered_x": 1006.1054961694624,
            "Vp_true": 1004.729927807081,
            "Vs_true": 90.67544056827474,
            "sigma_true": 0.33482438743281717,
            "Vp_obs": 997.4720261403007,
            "Vs_obs": 90.89107308933183,
            "sigma_obs": 0.3349327978301229,
            "Vp_hat": 997.4720261403003,
            "Vs_hat": 276.67710428820675,
            "sigma_hat": 0.08937454449842092,
            "Vp_residual": -4.547473508864641e-13,
            "Vs_residual": 185.78603119887492,
            "sigma_residual": -0.245558253331702,
            "phi_percent_true": 41.0,
            "phi_percent_hat": 29.322019072138062,
            "C_percent_true": 30.0,
            "C_percent_hat": 99.99999999999206,
            "S_b_percent_true": 90.0,
            "S_b_percent_hat": 89.91651826743617,
            "sigma_b_inv_true": 0.5,
            "sigma_b_inv_hat": 12.306411539959749,
            "xi_true": 2.7,
            "xi_hat": 2.6808720429364934,
            "phi_percent_error_percentage_points": -11.677980927861938,
            "phi_percent_abs_error_percentage_points": 11.677980927861938,
            "C_percent_error_percentage_points": 69.99999999999206,
            "C_percent_abs_error_percentage_points": 69.99999999999206,
            "S_b_percent_error_percentage_points": -0.08348173256382552,
            "S_b_percent_abs_error_percentage_points": 0.08348173256382552,
            "sigma_b_inv_error_relative_percent": 2361.28230799195,
            "sigma_b_inv_abs_error_relative_percent": 2361.28230799195,
            "xi_error_relative_percent": -0.7084428542039549,
            "xi_abs_error_relative_percent": 0.7084428542039549
        },
        {
            "experiment_index": 3,
            "C_true": 40.0,
            "optimizer": "pso",
            "run_time_seconds": 11.72192865299985,
            "loss_at_true_x": 26.685136711125928,
            "loss_at_recovered_x": 371.6765011216388,
            "Vp_true": 873.2864232855345,
            "Vs_true": 86.24393132561008,
            "sigma_true": 0.3566938943205844,
            "Vp_obs": 890.1125973178569,
            "Vs_obs": 86.969483061019,
            "sigma_obs": 0.3454400384897037,
            "Vp_hat": 537.8454882258308,
            "Vs_hat": 106.37887509063168,
            "sigma_hat": 0.3454400384897038,
            "Vp_residual": -352.2671090920261,
            "Vs_residual": 19.409392029612675,
            "sigma_residual": 5.551115123125783e-17,
            "phi_percent_true": 41.0,
            "phi_percent_hat": 37.38103957777966,
            "C_percent_true": 40.0,
            "C_percent_hat": 99.99999999844867,
            "S_b_percent_true": 90.0,
            "S_b_percent_hat": 90.35053228073278,
            "sigma_b_inv_true": 0.5,
            "sigma_b_inv_hat": 0.752413448487155,
            "xi_true": 2.7,
            "xi_hat": 2.692500430282613,
            "phi_percent_error_percentage_points": -3.61896042222034,
            "phi_percent_abs_error_percentage_points": 3.61896042222034,
            "C_percent_error_percentage_points": 59.99999999844867,
            "C_percent_abs_error_percentage_points": 59.99999999844867,
            "S_b_percent_error_percentage_points": 0.35053228073277864,
            "S_b_percent_abs_error_percentage_points": 0.35053228073277864,
            "sigma_b_inv_error_relative_percent": 50.48268969743099,
            "sigma_b_inv_abs_error_relative_percent": 50.48268969743099,
            "xi_error_relative_percent": -0.27776184138471066,
            "xi_abs_error_relative_percent": 0.27776184138471066
        },
        {
            "experiment_index": 4,
            "C_true": 50.0,
            "optimizer": "pso",