name,phi_percent,C_percent,S_b_percent,sigma_b_inv,xi,Vp,Vs,sigma
baseline_C10,41.0,10.0,90.0,0.5,2.7,1332.0414118977117,101.3839025457343,0.2931607850770407
low_phi_C20,25.0,20.0,85.0,1.0,2.6,2430.4292181215524,796.5012026424665,0.06807359233013334
mid_C50,45.0,50.0,90.0,2.0,2.7,543.4119637192238,38.40151865674321,0.13992528410275884
high_C80,35.0,80.0,95.0,0.8,2.8,813.77810269489,152.75083004092735,0.2878212406833028
high_phi_C100,60.0,100.0,98.0,5.0,2.9,63.046169613295525,0.16286947929109208,0.15176688902216498
