{
  "sigma": {
    "target": "sigma",
    "train": {
      "mae": 0.012410645952183913,
      "rmse": 0.02167624394240449,
      "r2": 0.947065728587719
    },
    "test": {
      "mae": 0.012710497043873144,
      "rmse": 0.021726656729406928,
      "r2": 0.9451265350392719
    }
  }
}