{
  "experiment_name": "symbolic_inverse_phase2_10000_parsimony_de_polish_serious_test",
  "optimizer": "differential_evolution_polish",
  "total_run_time_seconds": 87.965030157,
  "rows": [
    {
      "experiment_index": 0,
      "C_true": 20.0,
      "optimizer": "differential_evolution_polish",
      "run_time_seconds": 17.900512678999803,
      "best_start_index": 1,
      "nfev_best": 43,
      "success": true,
      "symbolic_loss_at_recovered_x": 3.5470982062690837e-07,
      "exact_loss_at_recovered_x": 63.345399845424595,
      "exact_loss_at_true_x": 6.563235495314387,
      "Vp_true": 1156.5405464105863,
      "Vs_true": 95.6093871411939,
      "sigma_true": 0.31364668435163595,
      "Vp_obs": 1159.2234465776496,
      "Vs_obs": 95.6387262981656,
      "sigma_obs": 0.31748139024664235,
      "Vp_hat_symbolic": 1159.2234465170961,
      "Vs_hat_symbolic": 95.63872655357227,
      "sigma_hat_symbolic": 0.3174813902856999,
      "Vp_hat_exact": 1198.8811230947306,
      "Vs_hat_exact": 71.95122564516072,
      "sigma_hat_exact": 0.3174816146911465,
      "selection_rule": "best_symbolic_loss",
      "best_symbolic_start_index": 1,
      "best_exact_start_index": 1,
      "best_symbolic_loss": 3.5470982062690837e-07,
      "exact_loss_of_best_symbolic_candidate": 63.345399845424595,
      "exact_refinement_enabled": false,
      "exact_refinement_success": false,
      "exact_refinement_nfev": 0,
      "symbolic_loss_before_refinement": 3.5470982062690837e-07,
      "exact_loss_before_refinement": 63.345399845424595,
      "use_exact_reranking": false,
      "phi_percent_true": 41.0,
      "phi_percent_hat": 41.971995418916855,
      "C_percent_true": 20.0,
      "C_percent_hat": 12.977906881594405,
      "S_b_percent_true": 90.0,
      "S_b_percent_hat": 99.22237502135086,
      "sigma_b_inv_true": 0.5,
      "sigma_b_inv_hat": 0.5967536888068883,
      "xi_true": 2.7,
      "xi_hat": 2.7935235339763227,
      "phi_percent_error_percentage_points": 0.9719954189168547,
      "phi_percent_abs_error_percentage_points": 0.9719954189168547,
      "C_percent_error_percentage_points": -7.022093118405595,
      "C_percent_abs_error_percentage_points": 7.022093118405595,
      "S_b_percent_error_percentage_points": 9.222375021350857,
      "S_b_percent_abs_error_percentage_points": 9.222375021350857,
      "sigma_b_inv_error_relative_percent": 19.35073776137766,
      "sigma_b_inv_abs_error_relative_percent": 19.35073776137766,
      "xi_error_relative_percent": 3.4638345917156483,
      "xi_abs_error_relative_percent": 3.4638345917156483
    },
    {
      "experiment_index": 1,
      "C_true": 50.0,
      "optimizer": "differential_evolution_polish",
      "run_time_seconds": 20.987054661000002,
      "best_start_index": 1,
      "nfev_best": 78,
      "success": true,
      "symbolic_loss_at_recovered_x": 2.1548487771028135e-05,
      "exact_loss_at_recovered_x": 29.697560151068362,
      "exact_loss_at_true_x": 5.957527431302998,
      "Vp_true": 759.3851662771766,
      "Vs_true": 82.10032316402089,
      "sigma_true": 0.3792552050149377,
      "Vp_obs": 754.2920031738818,
      "Vs_obs": 82.28933899381123,
      "sigma_obs": 0.3802290836114561,
      "Vp_hat_symbolic": 754.2920065046193,
      "Vs_hat_symbolic": 82.28932733362058,
      "sigma_hat_symbolic": 0.38022907413091983,
      "Vp_hat_exact": 730.413950825429,
      "Vs_hat_exact": 76.47038061655962,
      "sigma_hat_exact": 0.38022828928603253,
      "selection_rule": "best_symbolic_loss",
      "best_symbolic_start_index": 1,
      "best_exact_start_index": 1,
      "best_symbolic_loss": 2.1548487771028135e-05,
      "exact_loss_of_best_symbolic_candidate": 29.697560151068362,
      "exact_refinement_enabled": false,
      "exact_refinement_success": false,
      "exact_refinement_nfev": 0,
      "symbolic_loss_before_refinement": 2.1548487771028135e-05,
      "exact_loss_before_refinement": 29.697560151068362,
      "use_exact_reranking": false,
      "phi_percent_true": 41.0,
      "phi_percent_hat": 41.39575976146472,
      "C_percent_true": 50.0,
      "C_percent_hat": 50.89989590788965,
      "S_b_percent_true": 90.0,
      "S_b_percent_hat": 85.8190534840733,
      "sigma_b_inv_true": 0.5,
      "sigma_b_inv_hat": 0.46419391271595806,
      "xi_true": 2.7,
      "xi_hat": 2.7017025060891218,
      "phi_percent_error_percentage_points": 0.39575976146471703,
      "phi_percent_abs_error_percentage_points": 0.39575976146471703,
      "C_percent_error_percentage_points": 0.8998959078896505,
      "C_percent_abs_error_percentage_points": 0.8998959078896505,
      "S_b_percent_error_percentage_points": -4.180946515926706,
      "S_b_percent_abs_error_percentage_points": 4.180946515926706,
      "sigma_b_inv_error_relative_percent": -7.161217456808389,
      "sigma_b_inv_abs_error_relative_percent": 7.161217456808389,
      "xi_error_relative_percent": 0.06305578107857746,
      "xi_abs_error_relative_percent": 0.06305578107857746
    },
    {
      "experiment_index": 2,
      "C_true": 90.0,
      "optimizer": "differential_evolution_polish",
      "run_time_seconds": 49.045893898999566,
      "best_start_index": 1,
      "nfev_best": 500,
      "success": false,
      "symbolic_loss_at_recovered_x": 0.011861143613577596,
      "exact_loss_at_recovered_x": 35.63788549641184,
      "exact_loss_at_true_x": 3.3720152251047733,
      "Vp_true": 435.7574251833393,
      "Vs_true": 65.71702482791503,
      "sigma_true": 0.4764184858582104,
      "Vp_obs": 432.6096294871835,
      "Vs_obs": 65.87330449582957,
      "sigma_obs": 0.476572741997471,
      "Vp_hat_symbolic": 432.6110789800584,
      "Vs_hat_symbolic": 65.86851251301277,
      "sigma_hat_symbolic": 0.476559978860805,
      "Vp_hat_exact": 403.8369647755257,
      "Vs_hat_exact": 72.73338780979803,
      "sigma_hat_exact": 0.4765610739784094,
      "selection_rule": "best_symbolic_loss",
      "best_symbolic_start_index": 1,
      "best_exact_start_index": 1,
      "best_symbolic_loss": 0.011861143613577596,
      "exact_loss_of_best_symbolic_candidate": 35.63788549641184,
      "exact_refinement_enabled": false,
      "exact_refinement_success": false,
      "exact_refinement_nfev": 0,
      "symbolic_loss_before_refinement": 0.011861143613577596,
      "exact_loss_before_refinement": 35.63788549641184,
      "use_exact_reranking": false,
      "phi_percent_true": 41.0,
      "phi_percent_hat": 40.72811194917938,
      "C_percent_true": 90.0,
      "C_percent_hat": 97.77404181724528,
      "S_b_percent_true": 90.0,
      "S_b_percent_hat": 96.9562675589952,
      "sigma_b_inv_true": 0.5,
      "sigma_b_inv_hat": 0.6067865312336937,
      "xi_true": 2.7,
      "xi_hat": 2.604387905836047,
      "phi_percent_error_percentage_points": -0.2718880508206212,
      "phi_percent_abs_error_percentage_points": 0.2718880508206212,
      "C_percent_error_percentage_points": 7.774041817245276,
      "C_percent_abs_error_percentage_points": 7.774041817245276,
      "S_b_percent_error_percentage_points": 6.956267558995194,
      "S_b_percent_abs_error_percentage_points": 6.956267558995194,
      "sigma_b_inv_error_relative_percent": 21.35730624673875,
      "sigma_b_inv_abs_error_relative_percent": 21.35730624673875,
      "xi_error_relative_percent": -3.5411886727390036,
      "xi_abs_error_relative_percent": 3.5411886727390036
    }
  ]
}