{
    "experiment_name": "single_synthetic_experiment",
    "optimizer": "cmaes",
    "run_time_seconds": 0.29524105100063025,
    "x_true": {
        "phi_percent": 41.0,
        "C_percent": 10.0,
        "S_b_percent": 90.0,
        "sigma_b_inv": 0.5,
        "xi": 2.7
    },
    "x_hat": {
        "phi_percent": 39.243484431396105,
        "C_percent": 66.84909714288092,
        "S_b_percent": 90.70638255735902,
        "sigma_b_inv": 0.6354208235095714,
        "xi": 2.676021396112506
    },
    "y_true": {
        "Vp": 1133.2000545377837,
        "Vs": 122.2152753116728,
        "sigma": 0.2868337752026615
    },
    "y_obs": {
        "Vp": 1136.6531086517468,
        "Vs": 120.94425587303333,
        "sigma": 0.2889863226986467
    },
    "best_loss": 1.6387290280306388e-07,
    "errors": {
        "phi_percent": {
            "error": -1.756515568603895,
            "abs_error": 1.756515568603895,
            "unit": "percentage_points"
        },
        "C_percent": {
            "error": 56.84909714288092,
            "abs_error": 56.84909714288092,
            "unit": "percentage_points"
        },
        "S_b_percent": {
            "error": 0.7063825573590208,
            "abs_error": 0.7063825573590208,
            "unit": "percentage_points"
        },
        "sigma_b_inv": {
            "error": 27.084164701914283,
            "abs_error": 27.084164701914283,
            "unit": "relative_percent"
        },
        "xi": {
            "error": -0.8880964402775662,
            "abs_error": 0.8880964402775662,
            "unit": "relative_percent"
        }
    },
    "loss_at_true_x": 7.320913391936619,
    "loss_at_recovered_x": 1.6387290280306388e-07,
    "y_hat": {
        "Vp": 1136.6531086516063,
        "Vs": 120.9442560363794,
        "sigma": 0.2889863226983241
    },
    "residuals": {
        "Vp": -1.405169314239174e-10,
        "Vs": 1.633460726679914e-07,
        "sigma": -3.226308109560705e-13
    }
}