{
  "experiment_name": "symbolic_inverse_phase2_10000_parsimony_de_polish_w1_5_w2_100",
  "optimizer": "differential_evolution_polish",
  "total_run_time_seconds": 66.498810047,
  "rows": [
    {
      "experiment_index": 0,
      "C_true": 20.0,
      "optimizer": "differential_evolution_polish",
      "run_time_seconds": 20.1937218209996,
      "best_start_index": 1,
      "nfev_best": 72,
      "success": true,
      "symbolic_loss_at_recovered_x": 1.969116748767874e-06,
      "exact_loss_at_recovered_x": 153.1357121593391,
      "exact_loss_at_true_x": 6.680592123201137,
      "Vp_true": 1156.5405464105863,
      "Vs_true": 95.6093871411939,
      "sigma_true": 0.31364668435163595,
      "Vp_obs": 1159.2234465776496,
      "Vs_obs": 95.6387262981656,
      "sigma_obs": 0.31748139024664235,
      "Vp_hat_symbolic": 1159.2234464572327,
      "Vs_hat_symbolic": 95.63872638346766,
      "sigma_hat_symbolic": 0.3174813916801303,
      "Vp_hat_exact": 1195.743620476736,
      "Vs_hat_exact": 72.31563458953228,
      "sigma_hat_exact": 0.3174813098962775,
      "selection_rule": "best_symbolic_loss",
      "best_symbolic_start_index": 1,
      "best_exact_start_index": 1,
      "best_symbolic_loss": 1.969116748767874e-06,
      "exact_loss_of_best_symbolic_candidate": 153.1357121593391,
      "exact_refinement_enabled": false,
      "exact_refinement_success": false,
      "exact_refinement_nfev": 0,
      "symbolic_loss_before_refinement": 1.969116748767874e-06,
      "exact_loss_before_refinement": 153.1357121593391,
      "use_exact_reranking": false,
      "phi_percent_true": 41.0,
      "phi_percent_hat": 41.510793784635545,
      "C_percent_true": 20.0,
      "C_percent_hat": 15.021185601060857,
      "S_b_percent_true": 90.0,
      "S_b_percent_hat": 96.0611987176857,
      "sigma_b_inv_true": 0.5,
      "sigma_b_inv_hat": 0.555510556165216,
      "xi_true": 2.7,
      "xi_hat": 2.8467694223441793,
      "phi_percent_error_percentage_points": 0.5107937846355455,
      "phi_percent_abs_error_percentage_points": 0.5107937846355455,
      "C_percent_error_percentage_points": -4.978814398939143,
      "C_percent_abs_error_percentage_points": 4.978814398939143,
      "S_b_percent_error_percentage_points": 6.0611987176856985,
      "S_b_percent_abs_error_percentage_points": 6.0611987176856985,
      "sigma_b_inv_error_relative_percent": 11.10211123304321,
      "sigma_b_inv_abs_error_relative_percent": 11.10211123304321,
      "xi_error_relative_percent": 5.4359045312658925,
      "xi_abs_error_relative_percent": 5.4359045312658925
    },
    {
      "experiment_index": 1,
      "C_true": 50.0,
      "optimizer": "differential_evolution_polish",
      "run_time_seconds": 22.998232709999684,
      "best_start_index": 1,
      "nfev_best": 95,
      "success": true,
      "symbolic_loss_at_recovered_x": 0.00025632660342189695,
      "exact_loss_at_recovered_x": 47.263449344906064,
      "exact_loss_at_true_x": 6.7135907504643395,
      "Vp_true": 759.3851662771766,
      "Vs_true": 82.10032316402089,
      "sigma_true": 0.3792552050149377,
      "Vp_obs": 754.2920031738818,
      "Vs_obs": 82.28933899381123,
      "sigma_obs": 0.3802290836114561,
      "Vp_hat_symbolic": 754.2920003899932,
      "Vs_hat_symbolic": 82.28934060765596,
      "sigma_hat_symbolic": 0.3802287287205592,
      "Vp_hat_exact": 725.730024098977,
      "Vs_hat_exact": 78.54917610632188,
      "sigma_hat_exact": 0.38022813544943984,
      "selection_rule": "best_symbolic_loss",
      "best_symbolic_start_index": 1,
      "best_exact_start_index": 1,
      "best_symbolic_loss": 0.00025632660342189695,
      "exact_loss_of_best_symbolic_candidate": 47.263449344906064,
      "exact_refinement_enabled": false,
      "exact_refinement_success": false,
      "exact_refinement_nfev": 0,
      "symbolic_loss_before_refinement": 0.00025632660342189695,
      "exact_loss_before_refinement": 47.263449344906064,
      "use_exact_reranking": false,
      "phi_percent_true": 41.0,
      "phi_percent_hat": 40.169295852189066,
      "C_percent_true": 50.0,
      "C_percent_hat": 58.0427235210999,
      "S_b_percent_true": 90.0,
      "S_b_percent_hat": 86.62843427042183,
      "sigma_b_inv_true": 0.5,
      "sigma_b_inv_hat": 0.47290385705720683,
      "xi_true": 2.7,
      "xi_hat": 2.815723037526069,
      "phi_percent_error_percentage_points": -0.830704147810934,
      "phi_percent_abs_error_percentage_points": 0.830704147810934,
      "C_percent_error_percentage_points": 8.042723521099902,
      "C_percent_abs_error_percentage_points": 8.042723521099902,
      "S_b_percent_error_percentage_points": -3.3715657295781654,
      "S_b_percent_abs_error_percentage_points": 3.3715657295781654,
      "sigma_b_inv_error_relative_percent": -5.419228588558633,
      "sigma_b_inv_abs_error_relative_percent": 5.419228588558633,
      "xi_error_relative_percent": 4.286038426891442,
      "xi_abs_error_relative_percent": 4.286038426891442
    },
    {
      "experiment_index": 2,
      "C_true": 90.0,
      "optimizer": "differential_evolution_polish",
      "run_time_seconds": 23.275716521000504,
      "best_start_index": 1,
      "nfev_best": 94,
      "success": true,
      "symbolic_loss_at_recovered_x": 0.00017203826297773617,
      "exact_loss_at_recovered_x": 64.25354641756613,
      "exact_loss_at_true_x": 3.997133896762959,
      "Vp_true": 435.7574251833393,
      "Vs_true": 65.71702482791503,
      "sigma_true": 0.4764184858582104,
      "Vp_obs": 432.6096294871835,
      "Vs_obs": 65.87330449582957,
      "sigma_obs": 0.476572741997471,
      "Vp_hat_symbolic": 432.6096653983399,
      "Vs_hat_symbolic": 65.8732793440638,
      "sigma_hat_symbolic": 0.4765727184488762,
      "Vp_hat_exact": 402.5668386365908,
      "Vs_hat_exact": 72.71543657872986,
      "sigma_hat_exact": 0.47657295810936523,
      "selection_rule": "best_symbolic_loss",
      "best_symbolic_start_index": 1,
      "best_exact_start_index": 1,
      "best_symbolic_loss": 0.00017203826297773617,
      "exact_loss_of_best_symbolic_candidate": 64.25354641756613,
      "exact_refinement_enabled": false,
      "exact_refinement_success": false,
      "exact_refinement_nfev": 0,
      "symbolic_loss_before_refinement": 0.00017203826297773617,
      "exact_loss_before_refinement": 64.25354641756613,
      "use_exact_reranking": false,
      "phi_percent_true": 41.0,
      "phi_percent_hat": 41.204088112676025,
      "C_percent_true": 90.0,
      "C_percent_hat": 94.66417413579124,
      "S_b_percent_true": 90.0,
      "S_b_percent_hat": 90.25322058853907,
      "sigma_b_inv_true": 0.5,
      "sigma_b_inv_hat": 0.523656197116247,
      "xi_true": 2.7,
      "xi_hat": 2.5699077841923237,
      "phi_percent_error_percentage_points": 0.20408811267602545,
      "phi_percent_abs_error_percentage_points": 0.20408811267602545,
      "C_percent_error_percentage_points": 4.664174135791242,
      "C_percent_abs_error_percentage_points": 4.664174135791242,
      "S_b_percent_error_percentage_points": 0.25322058853906526,
      "S_b_percent_abs_error_percentage_points": 0.25322058853906526,
      "sigma_b_inv_error_relative_percent": 4.7312394232494,
      "sigma_b_inv_abs_error_relative_percent": 4.7312394232494,
      "xi_error_relative_percent": -4.818230215099129,
      "xi_abs_error_relative_percent": 4.818230215099129
    }
  ]
}