{
  "experiment_name": "symbolic_inverse_phase2_10000_parsimony_de_polish_w1_3_w2_100",
  "optimizer": "differential_evolution_polish",
  "total_run_time_seconds": 64.52293917700081,
  "rows": [
    {
      "experiment_index": 0,
      "C_true": 20.0,
      "optimizer": "differential_evolution_polish",
      "run_time_seconds": 18.543764347999968,
      "best_start_index": 1,
      "nfev_best": 29,
      "success": true,
      "symbolic_loss_at_recovered_x": 0.00148543624960773,
      "exact_loss_at_recovered_x": 131.45317221532804,
      "exact_loss_at_true_x": 6.621913809257762,
      "Vp_true": 1156.5405464105863,
      "Vs_true": 95.6093871411939,
      "sigma_true": 0.31364668435163595,
      "Vp_obs": 1159.2234465776496,
      "Vs_obs": 95.6387262981656,
      "sigma_obs": 0.31748139024664235,
      "Vp_hat_symbolic": 1159.223336590968,
      "Vs_hat_symbolic": 95.638852166981,
      "sigma_hat_symbolic": 0.31748038447951016,
      "Vp_hat_exact": 1226.168985365713,
      "Vs_hat_exact": 74.13683217670828,
      "sigma_hat_exact": 0.31747942369604054,
      "selection_rule": "best_symbolic_loss",
      "best_symbolic_start_index": 1,
      "best_exact_start_index": 1,
      "best_symbolic_loss": 0.00148543624960773,
      "exact_loss_of_best_symbolic_candidate": 131.45317221532804,
      "exact_refinement_enabled": false,
      "exact_refinement_success": false,
      "exact_refinement_nfev": 0,
      "symbolic_loss_before_refinement": 0.00148543624960773,
      "exact_loss_before_refinement": 131.45317221532804,
      "use_exact_reranking": false,
      "phi_percent_true": 41.0,
      "phi_percent_hat": 44.12698794315188,
      "C_percent_true": 20.0,
      "C_percent_hat": 4.025653412883379,
      "S_b_percent_true": 90.0,
      "S_b_percent_hat": 88.45124774560996,
      "sigma_b_inv_true": 0.5,
      "sigma_b_inv_hat": 0.4940486710001677,
      "xi_true": 2.7,
      "xi_hat": 2.5436910950656064,
      "phi_percent_error_percentage_points": 3.1269879431518817,
      "phi_percent_abs_error_percentage_points": 3.1269879431518817,
      "C_percent_error_percentage_points": -15.97434658711662,
      "C_percent_abs_error_percentage_points": 15.97434658711662,
      "S_b_percent_error_percentage_points": -1.5487522543900383,
      "S_b_percent_abs_error_percentage_points": 1.5487522543900383,
      "sigma_b_inv_error_relative_percent": -1.1902657999664612,
      "sigma_b_inv_abs_error_relative_percent": 1.1902657999664612,
      "xi_error_relative_percent": -5.7892187012738425,
      "xi_abs_error_relative_percent": 5.7892187012738425
    },
    {
      "experiment_index": 1,
      "C_true": 50.0,
      "optimizer": "differential_evolution_polish",
      "run_time_seconds": 17.257079132999934,
      "best_start_index": 1,
      "nfev_best": 25,
      "success": true,
      "symbolic_loss_at_recovered_x": 4.645821505278036e-09,
      "exact_loss_at_recovered_x": 37.66534621940444,
      "exact_loss_at_true_x": 6.3355590908836685,
      "Vp_true": 759.3851662771766,
      "Vs_true": 82.10032316402089,
      "sigma_true": 0.3792552050149377,
      "Vp_obs": 754.2920031738818,
      "Vs_obs": 82.28933899381123,
      "sigma_obs": 0.3802290836114561,
      "Vp_hat_symbolic": 754.2920031735149,
      "Vs_hat_symbolic": 82.28933899436493,
      "sigma_hat_symbolic": 0.3802290836076713,
      "Vp_hat_exact": 738.6473213598629,
      "Vs_hat_exact": 74.94940149364072,
      "sigma_hat_exact": 0.3802278519811638,
      "selection_rule": "best_symbolic_loss",
      "best_symbolic_start_index": 1,
      "best_exact_start_index": 1,
      "best_symbolic_loss": 4.645821505278036e-09,
      "exact_loss_of_best_symbolic_candidate": 37.66534621940444,
      "exact_refinement_enabled": false,
      "exact_refinement_success": false,
      "exact_refinement_nfev": 0,
      "symbolic_loss_before_refinement": 4.645821505278036e-09,
      "exact_loss_before_refinement": 37.66534621940444,
      "use_exact_reranking": false,
      "phi_percent_true": 41.0,
      "phi_percent_hat": 42.724501330512005,
      "C_percent_true": 50.0,
      "C_percent_hat": 43.38034265307282,
      "S_b_percent_true": 90.0,
      "S_b_percent_hat": 82.82007339308389,
      "sigma_b_inv_true": 0.5,
      "sigma_b_inv_hat": 0.43419174599605737,
      "xi_true": 2.7,
      "xi_hat": 2.5769935605404473,
      "phi_percent_error_percentage_points": 1.7245013305120054,
      "phi_percent_abs_error_percentage_points": 1.7245013305120054,
      "C_percent_error_percentage_points": -6.619657346927177,
      "C_percent_abs_error_percentage_points": 6.619657346927177,
      "S_b_percent_error_percentage_points": -7.179926606916112,
      "S_b_percent_abs_error_percentage_points": 7.179926606916112,
      "sigma_b_inv_error_relative_percent": -13.161650800788527,
      "sigma_b_inv_abs_error_relative_percent": 13.161650800788527,
      "xi_error_relative_percent": -4.5557940540575155,
      "xi_abs_error_relative_percent": 4.5557940540575155
    },
    {
      "experiment_index": 2,
      "C_true": 90.0,
      "optimizer": "differential_evolution_polish",
      "run_time_seconds": 28.68893615200068,
      "best_start_index": 1,
      "nfev_best": 167,
      "success": true,
      "symbolic_loss_at_recovered_x": 0.002758871472686053,
      "exact_loss_at_recovered_x": 49.14972828925602,
      "exact_loss_at_true_x": 3.684574560933866,
      "Vp_true": 435.7574251833393,
      "Vs_true": 65.71702482791503,
      "sigma_true": 0.4764184858582104,
      "Vp_obs": 432.6096294871835,
      "Vs_obs": 65.87330449582957,
      "sigma_obs": 0.476572741997471,
      "Vp_hat_symbolic": 432.60991058255934,
      "Vs_hat_symbolic": 65.87299521499585,
      "sigma_hat_symbolic": 0.4765692217898263,
      "Vp_hat_exact": 402.2589533265841,
      "Vs_hat_exact": 72.1390627427522,
      "sigma_hat_exact": 0.4765687052002374,
      "selection_rule": "best_symbolic_loss",
      "best_symbolic_start_index": 1,
      "best_exact_start_index": 1,
      "best_symbolic_loss": 0.002758871472686053,
      "exact_loss_of_best_symbolic_candidate": 49.14972828925602,
      "exact_refinement_enabled": false,
      "exact_refinement_success": false,
      "exact_refinement_nfev": 0,
      "symbolic_loss_before_refinement": 0.002758871472686053,
      "exact_loss_before_refinement": 49.14972828925602,
      "use_exact_reranking": false,
      "phi_percent_true": 41.0,
      "phi_percent_hat": 41.99762342919188,
      "C_percent_true": 90.0,
      "C_percent_hat": 89.51166750373093,
      "S_b_percent_true": 90.0,
      "S_b_percent_hat": 84.7976490921243,
      "sigma_b_inv_true": 0.5,
      "sigma_b_inv_hat": 0.4593466369791568,
      "xi_true": 2.7,
      "xi_hat": 2.512170761565569,
      "phi_percent_error_percentage_points": 0.9976234291918828,
      "phi_percent_abs_error_percentage_points": 0.9976234291918828,
      "C_percent_error_percentage_points": -0.4883324962690665,
      "C_percent_abs_error_percentage_points": 0.4883324962690665,
      "S_b_percent_error_percentage_points": -5.202350907875697,
      "S_b_percent_abs_error_percentage_points": 5.202350907875697,
      "sigma_b_inv_error_relative_percent": -8.130672604168643,
      "sigma_b_inv_abs_error_relative_percent": 8.130672604168643,
      "xi_error_relative_percent": -6.956638460534485,
      "xi_abs_error_relative_percent": 6.956638460534485
    }
  ]
}