{
    "experiment_name": "giulio_part1_clay_sweep",
    "optimizer": "cmaes",
    "n_experiments": 10,
    "total_run_time_seconds": 3.4621685590000197,
    "rows": [
        {
            "experiment_index": 0,
            "C_true": 10.0,
            "optimizer": "cmaes",
            "run_time_seconds": 0.35578454000005877,
            "loss_at_true_x": 7.241233230831627,
            "loss_at_recovered_x": 3.313296303986135e-10,
            "Vp_true": 1332.0414118977117,
            "Vs_true": 101.3839025457343,
            "sigma_true": 0.2931607850770407,
            "Vp_obs": 1335.1314325092733,
            "Vs_obs": 101.41501369831181,
            "sigma_obs": 0.2967450263485323,
            "Vp_hat": 1335.1314325090939,
            "Vs_hat": 101.41501369832865,
            "sigma_hat": 0.2967450263484133,
            "Vp_residual": -1.793978299247101e-10,
            "Vs_residual": 1.6839862837514374e-11,
            "sigma_residual": -1.1896039708858552e-13,
            "phi_percent_true": 41.0,
            "phi_percent_hat": 39.688992905732306,
            "C_percent_true": 10.0,
            "C_percent_hat": 15.030687717230018,
            "S_b_percent_true": 90.0,
            "S_b_percent_hat": 87.26046197376562,
            "sigma_b_inv_true": 0.5,
            "sigma_b_inv_hat": 0.45212875911180517,
            "xi_true": 2.7,
            "xi_hat": 2.854087401715796,
            "phi_percent_error_percentage_points": -1.3110070942676941,
            "phi_percent_abs_error_percentage_points": 1.3110070942676941,
            "C_percent_error_percentage_points": 5.030687717230018,
            "C_percent_abs_error_percentage_points": 5.030687717230018,
            "S_b_percent_error_percentage_points": -2.739538026234385,
            "S_b_percent_abs_error_percentage_points": 2.739538026234385,
            "sigma_b_inv_error_relative_percent": -9.574248177638967,
            "sigma_b_inv_abs_error_relative_percent": 9.574248177638967,
            "xi_error_relative_percent": 5.706940804288734,
            "xi_abs_error_relative_percent": 5.706940804288734
        },
        {
            "experiment_index": 1,
            "C_true": 20.0,
            "optimizer": "cmaes",
            "run_time_seconds": 0.3432197660001748,
            "loss_at_true_x": 20.468613731225975,
            "loss_at_recovered_x": 2.6847146727959625e-10,
            "Vp_true": 1156.5405464105863,
            "Vs_true": 95.6093871411939,
            "sigma_true": 0.31364668435163595,
            "Vp_obs": 1170.983068073116,
            "Vs_obs": 96.82653026784911,
            "sigma_obs": 0.30898621166968154,
            "Vp_hat": 1170.9830680730581,
            "Vs_hat": 96.82653026789546,
            "sigma_hat": 0.30898621166983825,
            "Vp_residual": -5.7980287238024175e-11,
            "Vs_residual": 4.6355808080988936e-11,
            "sigma_residual": 1.5670797992584085e-13,
            "phi_percent_true": 41.0,
            "phi_percent_hat": 39.6822216364967,
            "C_percent_true": 20.0,
            "C_percent_hat": 24.754686263946198,
            "S_b_percent_true": 90.0,
            "S_b_percent_hat": 88.39219611963223,
            "sigma_b_inv_true": 0.5,
            "sigma_b_inv_hat": 0.4772527893987195,
            "xi_true": 2.7,
            "xi_hat": 2.847907543353362,
            "phi_percent_error_percentage_points": -1.317778363503301,
            "phi_percent_abs_error_percentage_points": 1.317778363503301,
            "C_percent_error_percentage_points": 4.754686263946198,
            "C_percent_abs_error_percentage_points": 4.754686263946198,
            "S_b_percent_error_percentage_points": -1.6078038803677686,
            "S_b_percent_abs_error_percentage_points": 1.6078038803677686,
            "sigma_b_inv_error_relative_percent": -4.5494421202560975,
            "sigma_b_inv_abs_error_relative_percent": 4.5494421202560975,
            "xi_error_relative_percent": 5.478057161235625,
            "xi_abs_error_relative_percent": 5.478057161235625
        },
        {
            "experiment_index": 2,
            "C_true": 30.0,
            "optimizer": "cmaes",
            "run_time_seconds": 0.3427747570001429,
            "loss_at_true_x": 13.92753500669912,
            "loss_at_recovered_x": 3.0882674195709114e-10,
            "Vp_true": 1004.729927807081,
            "Vs_true": 90.67544056827474,
            "sigma_true": 0.33482438743281717,
            "Vp_obs": 1016.0555400075191,
            "Vs_obs": 90.70583277676198,
            "sigma_obs": 0.3319661220836709,
            "Vp_hat": 1016.055540007425,
            "Vs_hat": 90.70583277680694,
            "sigma_hat": 0.33196612208385795,
            "Vp_residual": -9.413270163349807e-11,
            "Vs_residual": 4.496314431889914e-11,
            "sigma_residual": 1.8707257964933888e-13,
            "phi_percent_true": 41.0,
            "phi_percent_hat": 39.81988975869745,
            "C_percent_true": 30.0,
            "C_percent_hat": 34.73171297871193,
            "S_b_percent_true": 90.0,
            "S_b_percent_hat": 88.2679185701047,
            "sigma_b_inv_true": 0.5,
            "sigma_b_inv_hat": 0.4764470889544382,
            "xi_true": 2.7,
            "xi_hat": 2.839861780263007,
            "phi_percent_error_percentage_points": -1.1801102413025504,
            "phi_percent_abs_error_percentage_points": 1.1801102413025504,
            "C_percent_error_percentage_points": 4.731712978711933,
            "C_percent_abs_error_percentage_points": 4.731712978711933,
            "S_b_percent_error_percentage_points": -1.7320814298953024,
            "S_b_percent_abs_error_percentage_points": 1.7320814298953024,
            "sigma_b_inv_error_relative_percent": -4.710582209112357,
            "sigma_b_inv_abs_error_relative_percent": 4.710582209112357,
            "xi_error_relative_percent": 5.180065935666922,
            "xi_abs_error_relative_percent": 5.180065935666922
        },
        {
            "experiment_index": 3,
            "C_true": 40.0,
            "optimizer": "cmaes",
            "run_time_seconds": 0.3436603529999047,
            "loss_at_true_x": 4.848337887189304,
            "loss_at_recovered_x": 3.3871039306632156e-10,
            "Vp_true": 873.2864232855345,
            "Vs_true": 86.24393132561008,
            "sigma_true": 0.3566938943205844,
            "Vp_obs": 876.7834055870768,
            "Vs_obs": 86.59397397894007,
            "sigma_obs": 0.35797243658363453,
            "Vp_hat": 876.783405586914,
            "Vs_hat": 86.59397397895837,
            "sigma_hat": 0.35797243658383654,
            "Vp_residual": -1.6279955161735415e-10,
            "Vs_residual": 1.830358087318018e-11,
            "sigma_residual": 2.0200507933054723e-13,
            "phi_percent_true": 41.0,
            "phi_percent_hat": 39.709161125062565,
            "C_percent_true": 40.0,
            "C_percent_hat": 46.36338113985242,
            "S_b_percent_true": 90.0,
            "S_b_percent_hat": 87.58987625308524,
            "sigma_b_inv_true": 0.5,
            "sigma_b_inv_hat": 0.46675402224983026,
            "xi_true": 2.7,
            "xi_hat": 2.846521998568273,
            "phi_percent_error_percentage_points": -1.2908388749374353,
            "phi_percent_abs_error_percentage_points": 1.2908388749374353,
            "C_percent_error_percentage_points": 6.363381139852422,
            "C_percent_abs_error_percentage_points": 6.363381139852422,
            "S_b_percent_error_percentage_points": -2.4101237469147634,
            "S_b_percent_abs_error_percentage_points": 2.4101237469147634,
            "sigma_b_inv_error_relative_percent": -6.649195550033948,
            "sigma_b_inv_abs_error_relative_percent": 6.649195550033948,
            "xi_error_relative_percent": 5.426740687713809,
            "xi_abs_error_relative_percent": 5.426740687713809
        },
        {
            "experiment_index": 4,
            "C_true": 50.0,