{
  "Vp": {
    "target": "Vp",
    "source_column": "Vp",
    "transform": "identity",
    "train": {
      "mae": 31.91241590396791,
      "rmse": 43.245438694847344,
      "r2": 0.999073732076554
    },
    "test": {
      "mae": 31.716602694875274,
      "rmse": 44.530820332430054,
      "r2": 0.9990247939220381
    }
  }
}