{
    "experiment_name": "single_synthetic_experiment",
    "optimizer": "simulated_annealing",
    "run_time_seconds": 0.10365545199965709,
    "x_true": {
        "phi_percent": 41.0,
        "C_percent": 10.0,
        "S_b_percent": 90.0,
        "sigma_b_inv": 0.5,
        "xi": 2.7
    },
    "x_hat": {
        "phi_percent": 38.845821749876905,
        "C_percent": 73.99554426012104,
        "S_b_percent": 88.46810100819366,
        "sigma_b_inv": 0.6357424711262225,
        "xi": 2.531337582432342
    },
    "y_true": {
        "Vp": 1133.2000545377837,
        "Vs": 122.2152753116728,
        "sigma": 0.2868337752026615
    },
    "y_obs": {
        "Vp": 1136.6531086517468,
        "Vs": 120.94425587303333,
        "sigma": 0.2889863226986467
    },
    "best_loss": 45.10175515795001,
    "errors": {
        "phi_percent": {
            "error": -2.1541782501230955,
            "abs_error": 2.1541782501230955,
            "unit": "percentage_points"
        },
        "C_percent": {
            "error": 63.99554426012104,
            "abs_error": 63.99554426012104,
            "unit": "percentage_points"
        },
        "S_b_percent": {
            "error": -1.5318989918063437,
            "abs_error": 1.5318989918063437,
            "unit": "percentage_points"
        },
        "sigma_b_inv": {
            "error": 27.1484942252445,
            "abs_error": 27.1484942252445,
            "unit": "relative_percent"
        },
        "xi": {
            "error": -6.246756206209558,
            "abs_error": 6.246756206209558,
            "unit": "relative_percent"
        }
    },
    "loss_at_true_x": 7.320913391936619,
    "loss_at_recovered_x": 45.10175515795001
}