{
  "target": "Vp",
  "source_column": "Vp",
  "transform": "identity",
  "train": {
    "mae": 40.34777960256749,
    "rmse": 54.8416966214758,
    "r2": 0.9985085857317477
  },
  "test": {
    "mae": 38.89174071506749,
    "rmse": 48.68653929565588,
    "r2": 0.9987607365300305
  }
}