{
    "experiment_name": "giulio_part1_clay_sweep",
    "optimizer": "pso",
    "n_experiments": 10,
    "total_run_time_seconds": 14.04314693899994,
    "rows": [
        {
            "experiment_index": 0,
            "C_true": 10.0,
            "optimizer": "pso",
            "run_time_seconds": 1.3566916070000161,
            "loss_at_true_x": 7.241233230831627,
            "loss_at_recovered_x": 4.440892098500626e-14,
            "Vp_true": 1332.0414118977117,
            "Vs_true": 101.3839025457343,
            "sigma_true": 0.2931607850770407,
            "Vp_obs": 1335.1314325092733,
            "Vs_obs": 101.41501369831181,
            "sigma_obs": 0.2967450263485323,
            "Vp_hat": 1335.1314325092733,
            "Vs_hat": 101.41501369831181,
            "sigma_hat": 0.2967450263485322,
            "Vp_residual": 0.0,
            "Vs_residual": 0.0,
            "sigma_residual": -5.551115123125783e-17,
            "phi_percent_true": 41.0,
            "phi_percent_hat": 39.38851522707166,
            "C_percent_true": 10.0,
            "C_percent_hat": 16.710814838392416,
            "S_b_percent_true": 90.0,
            "S_b_percent_hat": 80.75769004181713,
            "sigma_b_inv_true": 0.5,
            "sigma_b_inv_hat": 0.38681162937643243,
            "xi_true": 2.7,
            "xi_hat": 2.893448694521923,
            "phi_percent_error_percentage_points": -1.6114847729283426,
            "phi_percent_abs_error_percentage_points": 1.6114847729283426,
            "C_percent_error_percentage_points": 6.710814838392416,
            "C_percent_abs_error_percentage_points": 6.710814838392416,
            "S_b_percent_error_percentage_points": -9.242309958182872,
            "S_b_percent_abs_error_percentage_points": 9.242309958182872,
            "sigma_b_inv_error_relative_percent": -22.637674124713513,
            "sigma_b_inv_abs_error_relative_percent": 22.637674124713513,
            "xi_error_relative_percent": 7.164766463774915,
            "xi_abs_error_relative_percent": 7.164766463774915
        },
        {
            "experiment_index": 1,
            "C_true": 20.0,
            "optimizer": "pso",
            "run_time_seconds": 1.4098953300000403,
            "loss_at_true_x": 20.468613731225975,
            "loss_at_recovered_x": 7.283063041541027e-14,
            "Vp_true": 1156.5405464105863,
            "Vs_true": 95.6093871411939,
            "sigma_true": 0.31364668435163595,
            "Vp_obs": 1170.983068073116,
            "Vs_obs": 96.82653026784911,
            "sigma_obs": 0.30898621166968154,
            "Vp_hat": 1170.983068073116,
            "Vs_hat": 96.82653026784914,
            "sigma_hat": 0.3089862116696816,
            "Vp_residual": 0.0,
            "Vs_residual": 2.842170943040401e-14,
            "sigma_residual": 5.551115123125783e-17,
            "phi_percent_true": 41.0,
            "phi_percent_hat": 41.74621960366439,
            "C_percent_true": 20.0,
            "C_percent_hat": 16.87182266129254,
            "S_b_percent_true": 90.0,
            "S_b_percent_hat": 80.01142111895994,
            "sigma_b_inv_true": 0.5,
            "sigma_b_inv_hat": 0.4071561127369448,
            "xi_true": 2.7,
            "xi_hat": 2.6167210016293505,
            "phi_percent_error_percentage_points": 0.7462196036643931,
            "phi_percent_abs_error_percentage_points": 0.7462196036643931,
            "C_percent_error_percentage_points": -3.1281773387074594,
            "C_percent_abs_error_percentage_points": 3.1281773387074594,
            "S_b_percent_error_percentage_points": -9.988578881040056,
            "S_b_percent_abs_error_percentage_points": 9.988578881040056,
            "sigma_b_inv_error_relative_percent": -18.56877745261104,
            "sigma_b_inv_abs_error_relative_percent": 18.56877745261104,
            "xi_error_relative_percent": -3.0844073470610986,
            "xi_abs_error_relative_percent": 3.0844073470610986
        },
        {
            "experiment_index": 2,
            "C_true": 30.0,
            "optimizer": "pso",
            "run_time_seconds": 1.408051283000077,
            "loss_at_true_x": 13.92753500669912,
            "loss_at_recovered_x": 7.283063041541027e-14,
            "Vp_true": 1004.729927807081,
            "Vs_true": 90.67544056827474,
            "sigma_true": 0.33482438743281717,
            "Vp_obs": 1016.0555400075191,
            "Vs_obs": 90.70583277676198,
            "sigma_obs": 0.3319661220836709,
            "Vp_hat": 1016.0555400075191,
            "Vs_hat": 90.70583277676195,
            "sigma_hat": 0.33196612208367093,
            "Vp_residual": 0.0,
            "Vs_residual": -2.842170943040401e-14,
            "sigma_residual": 5.551115123125783e-17,
            "phi_percent_true": 41.0,
            "phi_percent_hat": 42.152208814935676,
            "C_percent_true": 30.0,
            "C_percent_hat": 24.117565245205366,
            "S_b_percent_true": 90.0,
            "S_b_percent_hat": 89.91195230562239,
            "sigma_b_inv_true": 0.5,
            "sigma_b_inv_hat": 0.5090825731439783,
            "xi_true": 2.7,
            "xi_hat": 2.5763531457340454,
            "phi_percent_error_percentage_points": 1.1522088149356762,
            "phi_percent_abs_error_percentage_points": 1.1522088149356762,
            "C_percent_error_percentage_points": -5.882434754794634,
            "C_percent_abs_error_percentage_points": 5.882434754794634,
            "S_b_percent_error_percentage_points": -0.0880476943776074,
            "S_b_percent_abs_error_percentage_points": 0.0880476943776074,
            "sigma_b_inv_error_relative_percent": 1.8165146287956624,
            "sigma_b_inv_abs_error_relative_percent": 1.8165146287956624,
            "xi_error_relative_percent": -4.5795131209612885,
            "xi_abs_error_relative_percent": 4.5795131209612885
        },
        {
            "experiment_index": 3,
            "C_true": 40.0,
            "optimizer": "pso",
            "run_time_seconds": 1.4118815419999464,
            "loss_at_true_x": 4.848337887189304,
            "loss_at_recovered_x": 4.440892098500626e-14,
            "Vp_true": 873.2864232855345,
            "Vs_true": 86.24393132561008,
            "sigma_true": 0.3566938943205844,
            "Vp_obs": 876.7834055870768,
            "Vs_obs": 86.59397397894007,
            "sigma_obs": 0.35797243658363453,
            "Vp_hat": 876.7834055870768,
            "Vs_hat": 86.59397397894007,
            "sigma_hat": 0.3579724365836346,
            "Vp_residual": 0.0,
            "Vs_residual": 0.0,
            "sigma_residual": 5.551115123125783e-17,
            "phi_percent_true": 41.0,
            "phi_percent_hat": 42.06771999799863,
            "C_percent_true": 40.0,
            "C_percent_hat": 35.09667402727156,
            "S_b_percent_true": 90.0,
            "S_b_percent_hat": 82.88183331483482,
            "sigma_b_inv_true": 0.5,
            "sigma_b_inv_hat": 0.4280554165004124,
            "xi_true": 2.7,
            "xi_hat": 2.5856333032850762,
            "phi_percent_error_percentage_points": 1.0677199979986298,
            "phi_percent_abs_error_percentage_points": 1.0677199979986298,
            "C_percent_error_percentage_points": -4.903325972728439,
            "C_percent_abs_error_percentage_points": 4.903325972728439,
            "S_b_percent_error_percentage_points": -7.118166685165178,
            "S_b_percent_abs_error_percentage_points": 7.118166685165178,
            "sigma_b_inv_error_relative_percent": -14.38891669991752,
            "sigma_b_inv_abs_error_relative_percent": 14.38891669991752,
            "xi_error_relative_percent": -4.23580358203422,
            "xi_abs_error_relative_percent": 4.23580358203422
        },
        {
            "experiment_index": 4,
            "C_true": 50.0,
            "optimizer": "pso",
            "run_time_seconds": 1.3950773939999408,