{
  "target": "phi_from_y",
  "source_column": "phi_percent",
  "transform": "identity",
  "train": {
    "mae": 0.9976995249469524,
    "rmse": 1.3665063025238489,
    "r2": 0.9953306874247194
  },
  "test": {
    "mae": 0.9974679893788687,
    "rmse": 1.3492805648337984,
    "r2": 0.9953991454366645
  }
}