{
  "sqrt_sigma": {
    "target": "sqrt_sigma",
    "source_column": "sigma",
    "transform": "sqrt",
    "train": {
      "mae": 0.01650953467366361,
      "rmse": 0.021720204449146387,
      "r2": 0.9655111039030245
    },
    "test": {
      "mae": 0.01669641567110614,
      "rmse": 0.02222215369310118,
      "r2": 0.9646467256495336
    }
  }
}