{
  "target": "Vs",
  "source_column": "Vs",
  "transform": "identity",
  "train": {
    "mae": 52.620108287014105,
    "rmse": 72.8264591223503,
    "r2": 0.9923778515439087
  },
  "test": {
    "mae": 52.248807590624416,
    "rmse": 72.64220571084168,
    "r2": 0.9917261940022822
  }
}