{
  "C_from_y": {
    "target": "C_from_y",
    "source_column": "C_percent",
    "transform": "identity",
    "train": {
      "mae": 8.856632103414725,
      "rmse": 12.859364635657858,
      "r2": 0.8025536968761804
    },
    "test": {
      "mae": 8.941960676573922,
      "rmse": 12.796328786537757,
      "r2": 0.7996327671388536
    }
  }
}