{
  "target": "C_from_y",
  "source_column": "C_percent",
  "transform": "identity",
  "train": {
    "mae": 14.05024806022688,
    "rmse": 18.842866341190458,
    "r2": 0.5760604647882838
  },
  "test": {
    "mae": 14.582232484518467,
    "rmse": 19.40986387993075,
    "r2": 0.539000027547594
  }
}