{
  "target": "Vp",
  "train": {
    "mae": 40.59169959210018,
    "rmse": 54.91705681565595,
    "r2": 0.998504484090192
  },
  "test": {
    "mae": 39.16430002361196,
    "rmse": 48.86645787215928,
    "r2": 0.9987515603386948
  }
}