{
  "Vp": {
    "mae": 26.532382680943286,
    "rmse": 33.32875948148872,
    "r2": 0.9994192567967228
  },
  "Vs": {
    "mae": 17.75328209854404,
    "rmse": 23.84795284310762,
    "r2": 0.9991082779687108
  },
  "sigma": {
    "mae": 2.2326761662554373e-07,
    "rmse": 3.388608223783659e-07,
    "r2": 0.9999999999866519
  }
}