{
  "experiment_name": "symbolic_inverse_phase2_10000_parsimony_de_polish_w1_5_w2_300",
  "optimizer": "differential_evolution_polish",
  "total_run_time_seconds": 74.41261576899979,
  "rows": [
    {
      "experiment_index": 0,
      "C_true": 20.0,
      "optimizer": "differential_evolution_polish",
      "run_time_seconds": 17.267514475999633,
      "best_start_index": 1,
      "nfev_best": 25,
      "success": true,
      "symbolic_loss_at_recovered_x": 1.643357450120675e-09,
      "exact_loss_at_recovered_x": 180.62154585909735,
      "exact_loss_at_true_x": 14.382584465759976,
      "Vp_true": 1156.5405464105863,
      "Vs_true": 95.6093871411939,
      "sigma_true": 0.31364668435163595,
      "Vp_obs": 1159.2234465776496,
      "Vs_obs": 95.6387262981656,
      "sigma_obs": 0.31748139024664235,
      "Vp_hat_symbolic": 1159.22344657738,
      "Vs_hat_symbolic": 95.6387262984399,
      "sigma_hat_symbolic": 0.3174813902466416,
      "Vp_hat_exact": 1237.0296143297237,
      "Vs_hat_exact": 75.07661948907254,
      "sigma_hat_exact": 0.3174797627401892,
      "selection_rule": "best_symbolic_loss",
      "best_symbolic_start_index": 1,
      "best_exact_start_index": 1,
      "best_symbolic_loss": 1.643357450120675e-09,
      "exact_loss_of_best_symbolic_candidate": 180.62154585909735,
      "exact_refinement_enabled": false,
      "exact_refinement_success": false,
      "exact_refinement_nfev": 0,
      "symbolic_loss_before_refinement": 1.643357450120675e-09,
      "exact_loss_before_refinement": 180.62154585909735,
      "use_exact_reranking": false,
      "phi_percent_true": 41.0,
      "phi_percent_hat": 44.38534096010131,
      "C_percent_true": 20.0,
      "C_percent_hat": 3.020074106062446,
      "S_b_percent_true": 90.0,
      "S_b_percent_hat": 82.32102522091866,
      "sigma_b_inv_true": 0.5,
      "sigma_b_inv_hat": 0.43060008201589905,
      "xi_true": 2.7,
      "xi_hat": 2.513704827269591,
      "phi_percent_error_percentage_points": 3.38534096010131,
      "phi_percent_abs_error_percentage_points": 3.38534096010131,
      "C_percent_error_percentage_points": -16.979925893937555,
      "C_percent_abs_error_percentage_points": 16.979925893937555,
      "S_b_percent_error_percentage_points": -7.678974779081344,
      "S_b_percent_abs_error_percentage_points": 7.678974779081344,
      "sigma_b_inv_error_relative_percent": -13.879983596820189,
      "sigma_b_inv_abs_error_relative_percent": 13.879983596820189,
      "xi_error_relative_percent": -6.899821212237368,
      "xi_abs_error_relative_percent": 6.899821212237368
    },
    {
      "experiment_index": 1,
      "C_true": 50.0,
      "optimizer": "differential_evolution_polish",
      "run_time_seconds": 19.269527304000803,
      "best_start_index": 1,
      "nfev_best": 45,
      "success": true,
      "symbolic_loss_at_recovered_x": 7.026880736837882e-05,
      "exact_loss_at_recovered_x": 62.64811264167046,
      "exact_loss_at_true_x": 8.06428774689998,
      "Vp_true": 759.3851662771766,
      "Vs_true": 82.10032316402089,
      "sigma_true": 0.3792552050149377,
      "Vp_obs": 754.2920031738818,
      "Vs_obs": 82.28933899381123,
      "sigma_obs": 0.3802290836114561,
      "Vp_hat_symbolic": 754.2920026622853,
      "Vs_hat_symbolic": 82.28933926831178,
      "sigma_hat_symbolic": 0.3802290506559207,
      "Vp_hat_exact": 722.4207683784236,
      "Vs_hat_exact": 76.13408034766266,
      "sigma_hat_exact": 0.38022936534595847,
      "selection_rule": "best_symbolic_loss",
      "best_symbolic_start_index": 1,
      "best_exact_start_index": 1,
      "best_symbolic_loss": 7.026880736837882e-05,
      "exact_loss_of_best_symbolic_candidate": 62.64811264167046,
      "exact_refinement_enabled": false,
      "exact_refinement_success": false,
      "exact_refinement_nfev": 0,
      "symbolic_loss_before_refinement": 7.026880736837882e-05,
      "exact_loss_before_refinement": 62.64811264167046,
      "use_exact_reranking": false,
      "phi_percent_true": 41.0,
      "phi_percent_hat": 41.09015647417275,
      "C_percent_true": 50.0,
      "C_percent_hat": 52.6625414365736,
      "S_b_percent_true": 90.0,
      "S_b_percent_hat": 95.71352347205098,
      "sigma_b_inv_true": 0.5,
      "sigma_b_inv_hat": 0.576300623955436,
      "xi_true": 2.7,
      "xi_hat": 2.7302227445916367,
      "phi_percent_error_percentage_points": 0.09015647417275119,
      "phi_percent_abs_error_percentage_points": 0.09015647417275119,
      "C_percent_error_percentage_points": 2.6625414365735978,
      "C_percent_abs_error_percentage_points": 2.6625414365735978,
      "S_b_percent_error_percentage_points": 5.71352347205098,
      "S_b_percent_abs_error_percentage_points": 5.71352347205098,
      "sigma_b_inv_error_relative_percent": 15.260124791087204,
      "sigma_b_inv_abs_error_relative_percent": 15.260124791087204,
      "xi_error_relative_percent": 1.1193609108013534,
      "xi_abs_error_relative_percent": 1.1193609108013534
    },
    {
      "experiment_index": 2,
      "C_true": 90.0,
      "optimizer": "differential_evolution_polish",
      "run_time_seconds": 37.8441538699999,
      "best_start_index": 1,
      "nfev_best": 283,
      "success": true,
      "symbolic_loss_at_recovered_x": 0.001859579605119066,
      "exact_loss_at_recovered_x": 63.98867242656201,
      "exact_loss_at_true_x": 4.133013618831791,
      "Vp_true": 435.7574251833393,
      "Vs_true": 65.71702482791503,
      "sigma_true": 0.4764184858582104,
      "Vp_obs": 432.6096294871835,
      "Vs_obs": 65.87330449582957,
      "sigma_obs": 0.476572741997471,
      "Vp_hat_symbolic": 432.60980295906626,
      "Vs_hat_symbolic": 65.87318747963172,
      "sigma_hat_symbolic": 0.47657190844249725,
      "Vp_hat_exact": 403.50840564136433,
      "Vs_hat_exact": 72.85075317912766,
      "sigma_hat_exact": 0.47657289732161773,
      "selection_rule": "best_symbolic_loss",
      "best_symbolic_start_index": 1,
      "best_exact_start_index": 1,
      "best_symbolic_loss": 0.001859579605119066,
      "exact_loss_of_best_symbolic_candidate": 63.98867242656201,
      "exact_refinement_enabled": false,
      "exact_refinement_success": false,
      "exact_refinement_nfev": 0,
      "symbolic_loss_before_refinement": 0.001859579605119066,
      "exact_loss_before_refinement": 63.98867242656201,
      "use_exact_reranking": false,
      "phi_percent_true": 41.0,
      "phi_percent_hat": 40.688302192254845,
      "C_percent_true": 90.0,
      "C_percent_hat": 98.03505488331868,
      "S_b_percent_true": 90.0,
      "S_b_percent_hat": 96.04575702489615,
      "sigma_b_inv_true": 0.5,
      "sigma_b_inv_hat": 0.5957821218303248,
      "xi_true": 2.7,
      "xi_hat": 2.6072147752858212,
      "phi_percent_error_percentage_points": -0.3116978077451549,
      "phi_percent_abs_error_percentage_points": 0.3116978077451549,
      "C_percent_error_percentage_points": 8.03505488331868,
      "C_percent_abs_error_percentage_points": 8.03505488331868,
      "S_b_percent_error_percentage_points": 6.045757024896147,
      "S_b_percent_abs_error_percentage_points": 6.045757024896147,
      "sigma_b_inv_error_relative_percent": 19.15642436606495,
      "sigma_b_inv_abs_error_relative_percent": 19.15642436606495,
      "xi_error_relative_percent": -3.436489804228849,
      "xi_abs_error_relative_percent": 3.436489804228849
    }
  ]
}