{
  "experiment_name": "symbolic_inverse_phase2_10000_parsimony_de_polish_w1_10_w2_100",
  "optimizer": "differential_evolution_polish",
  "total_run_time_seconds": 68.5213547809999,
  "rows": [
    {
      "experiment_index": 0,
      "C_true": 20.0,
      "optimizer": "differential_evolution_polish",
      "run_time_seconds": 21.169535723998706,
      "best_start_index": 1,
      "nfev_best": 81,
      "success": true,
      "symbolic_loss_at_recovered_x": 1.6445773667328467e-06,
      "exact_loss_at_recovered_x": 288.3427035483179,
      "exact_loss_at_true_x": 6.827287908059574,
      "Vp_true": 1156.5405464105863,
      "Vs_true": 95.6093871411939,
      "sigma_true": 0.31364668435163595,
      "Vp_obs": 1159.2234465776496,
      "Vs_obs": 95.6387262981656,
      "sigma_obs": 0.31748139024664235,
      "Vp_hat_symbolic": 1159.2234465414645,
      "Vs_hat_symbolic": 95.6387262966557,
      "sigma_hat_symbolic": 0.31748139185259333,
      "Vp_hat_exact": 1234.7197506821421,
      "Vs_hat_exact": 74.35425788023514,
      "sigma_hat_exact": 0.31747966136490635,
      "selection_rule": "best_symbolic_loss",
      "best_symbolic_start_index": 1,
      "best_exact_start_index": 1,
      "best_symbolic_loss": 1.6445773667328467e-06,
      "exact_loss_of_best_symbolic_candidate": 288.3427035483179,
      "exact_refinement_enabled": false,
      "exact_refinement_success": false,
      "exact_refinement_nfev": 0,
      "symbolic_loss_before_refinement": 1.6445773667328467e-06,
      "exact_loss_before_refinement": 288.3427035483179,
      "use_exact_reranking": false,
      "phi_percent_true": 41.0,
      "phi_percent_hat": 43.75035405641615,
      "C_percent_true": 20.0,
      "C_percent_hat": 5.517903816811084,
      "S_b_percent_true": 90.0,
      "S_b_percent_hat": 81.01679555789715,
      "sigma_b_inv_true": 0.5,
      "sigma_b_inv_hat": 0.41190825493654404,
      "xi_true": 2.7,
      "xi_hat": 2.5874145512938487,
      "phi_percent_error_percentage_points": 2.7503540564161497,
      "phi_percent_abs_error_percentage_points": 2.7503540564161497,
      "C_percent_error_percentage_points": -14.482096183188915,
      "C_percent_abs_error_percentage_points": 14.482096183188915,
      "S_b_percent_error_percentage_points": -8.983204442102846,
      "S_b_percent_abs_error_percentage_points": 8.983204442102846,
      "sigma_b_inv_error_relative_percent": -17.61834901269119,
      "sigma_b_inv_abs_error_relative_percent": 17.61834901269119,
      "xi_error_relative_percent": -4.169831433561167,
      "xi_abs_error_relative_percent": 4.169831433561167
    },
    {
      "experiment_index": 1,
      "C_true": 50.0,
      "optimizer": "differential_evolution_polish",
      "run_time_seconds": 21.853562603000682,
      "best_start_index": 1,
      "nfev_best": 83,
      "success": true,
      "symbolic_loss_at_recovered_x": 0.0009598581832896969,
      "exact_loss_at_recovered_x": 60.38696175750022,
      "exact_loss_at_true_x": 7.658669899416017,
      "Vp_true": 759.3851662771766,
      "Vs_true": 82.10032316402089,
      "sigma_true": 0.3792552050149377,
      "Vp_obs": 754.2920031738818,
      "Vs_obs": 82.28933899381123,
      "sigma_obs": 0.3802290836114561,
      "Vp_hat_symbolic": 754.2920342423266,
      "Vs_hat_symbolic": 82.289326879378,
      "sigma_hat_symbolic": 0.38022791596851224,
      "Vp_hat_exact": 721.4308432297461,
      "Vs_hat_exact": 79.53684915559212,
      "sigma_hat_exact": 0.38022777748794845,
      "selection_rule": "best_symbolic_loss",
      "best_symbolic_start_index": 1,
      "best_exact_start_index": 1,
      "best_symbolic_loss": 0.0009598581832896969,
      "exact_loss_of_best_symbolic_candidate": 60.38696175750022,
      "exact_refinement_enabled": false,
      "exact_refinement_success": false,
      "exact_refinement_nfev": 0,
      "symbolic_loss_before_refinement": 0.0009598581832896969,
      "exact_loss_before_refinement": 60.38696175750022,
      "use_exact_reranking": false,
      "phi_percent_true": 41.0,
      "phi_percent_hat": 39.52184777966465,
      "C_percent_true": 50.0,
      "C_percent_hat": 61.8834793507815,
      "S_b_percent_true": 90.0,
      "S_b_percent_hat": 90.44407970218171,
      "sigma_b_inv_true": 0.5,
      "sigma_b_inv_hat": 0.5158908396663795,
      "xi_true": 2.7,
      "xi_hat": 2.87539822047864,
      "phi_percent_error_percentage_points": -1.4781522203353532,
      "phi_percent_abs_error_percentage_points": 1.4781522203353532,
      "C_percent_error_percentage_points": 11.8834793507815,
      "C_percent_abs_error_percentage_points": 11.8834793507815,
      "S_b_percent_error_percentage_points": 0.44407970218171045,
      "S_b_percent_abs_error_percentage_points": 0.44407970218171045,
      "sigma_b_inv_error_relative_percent": 3.1781679332758994,
      "sigma_b_inv_abs_error_relative_percent": 3.1781679332758994,
      "xi_error_relative_percent": 6.496230388097767,
      "xi_abs_error_relative_percent": 6.496230388097767
    },
    {
      "experiment_index": 2,
      "C_true": 90.0,
      "optimizer": "differential_evolution_polish",
      "run_time_seconds": 25.46309831399958,
      "best_start_index": 1,
      "nfev_best": 70,
      "success": true,
      "symbolic_loss_at_recovered_x": 0.006205159621895717,
      "exact_loss_at_recovered_x": 106.86268942967932,
      "exact_loss_at_true_x": 4.778532236335691,
      "Vp_true": 435.7574251833393,
      "Vs_true": 65.71702482791503,
      "sigma_true": 0.4764184858582104,
      "Vp_obs": 432.6096294871835,
      "Vs_obs": 65.87330449582957,
      "sigma_obs": 0.476572741997471,
      "Vp_hat_symbolic": 432.60980989385615,
      "Vs_hat_symbolic": 65.8732574528517,
      "sigma_hat_symbolic": 0.4765601272649327,
      "Vp_hat_exact": 407.6484682146246,
      "Vs_hat_exact": 74.06287393901681,
      "sigma_hat_exact": 0.476559492716963,
      "selection_rule": "best_symbolic_loss",
      "best_symbolic_start_index": 1,
      "best_exact_start_index": 1,
      "best_symbolic_loss": 0.006205159621895717,
      "exact_loss_of_best_symbolic_candidate": 106.86268942967932,
      "exact_refinement_enabled": false,
      "exact_refinement_success": false,
      "exact_refinement_nfev": 0,
      "symbolic_loss_before_refinement": 0.006205159621895717,
      "exact_loss_before_refinement": 106.86268942967932,
      "use_exact_reranking": false,
      "phi_percent_true": 41.0,
      "phi_percent_hat": 40.55722516702544,
      "C_percent_true": 90.0,
      "C_percent_hat": 98.89429519407919,
      "S_b_percent_true": 90.0,
      "S_b_percent_hat": 82.41357677176228,
      "sigma_b_inv_true": 0.5,
      "sigma_b_inv_hat": 0.4403123624592461,
      "xi_true": 2.7,
      "xi_hat": 2.6166632269746084,
      "phi_percent_error_percentage_points": -0.4427748329745569,
      "phi_percent_abs_error_percentage_points": 0.4427748329745569,
      "C_percent_error_percentage_points": 8.894295194079191,
      "C_percent_abs_error_percentage_points": 8.894295194079191,
      "S_b_percent_error_percentage_points": -7.58642322823772,
      "S_b_percent_abs_error_percentage_points": 7.58642322823772,
      "sigma_b_inv_error_relative_percent": -11.93752750815078,
      "sigma_b_inv_abs_error_relative_percent": 11.93752750815078,
      "xi_error_relative_percent": -3.086547149088584,
      "xi_abs_error_relative_percent": 3.086547149088584
    }
  ]
}