{
  "sqrt_sigma": {
    "target": "sqrt_sigma",
    "source_column": "sigma",
    "transform": "sqrt",
    "train": {
      "mae": 0.015606726020588348,
      "rmse": 0.022033490952080487,
      "r2": 0.9623192081028876
    },
    "test": {
      "mae": 0.015712164766220338,
      "rmse": 0.021817428181358622,
      "r2": 0.9618797978047728
    }
  }
}