{
  "sqrt_sigma": {
    "target": "sqrt_sigma",
    "source_column": "sigma",
    "transform": "sqrt",
    "train": {
      "mae": 0.013430118955067372,
      "rmse": 0.017685055493258627,
      "r2": 0.9771353619963353
    },
    "test": {
      "mae": 0.013212297468905104,
      "rmse": 0.017495024280224914,
      "r2": 0.9780877765136241
    }
  }
}