{
  "Vs": {
    "target": "Vs",
    "source_column": "Vs",
    "transform": "identity",
    "train": {
      "mae": 18.435605085651567,
      "rmse": 24.532936814096765,
      "r2": 0.9991350358766414
    },
    "test": {
      "mae": 17.753282098544084,
      "rmse": 23.847952843107596,
      "r2": 0.9991082779687108
    }
  }
}